raw_affiliation_string,works,previously_assigned_to,previously_assigned_ids,previously_counted_via_lineage
NWO,87,,,no
"Netherlands Organization for Scientific Research (NWO), DUBBLE CRG, European Synchrotron Radiation Facility, BP 220, F-38043 Grenoble Cedex, France",4,European Synchrotron Radiation Facility,I2801997478,no
"Maastricht University, Netherlands. Supported by Dutch Research Council (NWO) project “The Twilight Zone of Efficiency: Optimality of Quasi-Polynomial Time Algorithms” [grant number OCEN.W.21.268]",3,Maastricht University,I34352273,no
Netherlands Organization for Scientific Research (NWO) The European Synchrotron Radiation Facility (ESRF)  CS40220 38043 Grenoble Cedex 9 France,3,European Synchrotron Radiation Facility,I2801997478,no
"Netherlands Organization for Scientific Research (NWO), European Synchrotron Radiation Facility (ESRF), DUBBLE-CRG, Grenoble, F-38043, France",3,European Synchrotron Radiation Facility,I2801997478,no
"Netherlands Organization for Scientific Research (NWO), The European Synchrotron Radiation Facility (ESRF), CS40220, 38043 Grenoble Cedex 9, France",3,European Synchrotron Radiation Facility,I2801997478,no
"Dutch Organization for Scientific Research (NWO), DUBBLE-CRG, European Synchrotron Radiation Facility (ESRF), France",2,European Synchrotron Radiation Facility,I2801997478,no
"Dutch Organization for Scientific Research (NWO), DUBBLE-CRG, European Synchrotron Radiation Facility (ESRF),,France",2,European Synchrotron Radiation Facility,I2801997478,no
"NWO Institute AMOLF, 1098 XG Amsterdam, The Netherlands",2,Institute for Atomic and Molecular Physics,I2803035111,yes
"Netherlands Organization for Scientific Research (NWO), The European Synchrotron Radiation Facility (ESRF), 38043 Grenoble Cedex 9, France",2,European Synchrotron Radiation Facility,I2801997478,no
Research Council NWO,2,,,no
Supported by the Australian Research Council and the Dutch Research Organization (NWO),2,Australian Research Council,I1337719021,no
The Netherlands Organization for Scientific Research,2,,,no
"(National Organization for Scientific Research, The Hague, The Netherlands)",1,Netherlands Organisation for Applied Scientific Research,I148297040,no
"(Newcastle, 2012). In 2012 the Dutch Scientific Organization (NWO) granted her a VICI project for excellent scholars,",1,,,no
", eveneens door NWO ge-financierd onderzoek in de archieven van alle rechtbanken met bevoegdheid in strafzaken in Holland, Zeeland en",1,,,no
". Dutch Research Council , Laan van Nieuw Oost-Indië 300 , 2593 CE Den Haag , the Netherlands",1,,,no
"5 NWO (Netherlands Organization for Scientific Research), Anna van Saksenlaan 51, Den Haag 2593 HW, Netherlands",1,Netherlands Organisation for Applied Scientific Research,I148297040,no
A fellow of the Netherlands Organization of Scientific Research,1,Netherlands Organisation for Applied Scientific Research,I148297040,no
"Akademie , de Koninklijke Nederlandse Akademie van Wetenschappen (KNAW) , de Nederlandse Federatie van Universitair Medische Centra (NFU) , de Nederlandse Organisatie voor Wetenschappelijk Onderzoek (NWO) , TNO en de Vereniging Universiteiten van Nederland",1,Netherlands Federation of University Medical Centres | Huisarts en Wetenschap,I4210116824 I4210110540,no
"Assistant Professor and Dutch Research Council (NWO) grantee, University of Maastricht, Faculty of Law and Maastricht Centre for European Law, Maastricht, The Netherlands; email: e.tsourdi@maastrichtuniversity.nl",1,Maastricht University,I34352273,no
"Beide auteurs zijn onderdeel van het NWO-onderzoeksproject 'Market Makers', dat de geschiedenis van het Nederlandse neoliberalisme in",1,,,no
Bevoegdverklaard navorser NFWO,1,,,no
"CWI, Dutch Research Council Amsterdam The Netherlands",1,Dutch Cancer Society | Centrum Wiskunde & Informatica,I2799557411 I1341640284,yes
"Center for Nanophotonics, AMOLF, Dutch Research Council Science Park 104 NL‐1098XG Amsterdam The Netherlands",1,Institute for Atomic and Molecular Physics,I2803035111,yes
"Chemistry Department, Molecular and Nanomaterials, Catholic University of Leuven, Celestijnenlaan 200F, B3001 Heverlee, Belgium; Laboratoire de Physique des Polymères, CP-223, Université Libre de Bruxelles, Bld. du Triomphe, B-1050, Brussels, Belgium; Institude of Textile Engineering and Polymer Materials, University of Bielsko-Biala, ul. Willowa 2, 43-300 Bielsko-Biala, Poland; and DUBBLE-CRG/ESRF, Netherlands Organization for Scientific Research (NWO), B.P. 220, F-38043 Grenoble Cedex, France",1,KU Leuven | Université Libre de Bruxelles | University of Bielsko-Biała,I99464096 I132053463 I62088572,no
"Contributions by HMT connect to her work in the Smart Governance project, which was funded by the Netherlands Organisation for Scientific Research (NWO Grant 409-414-017). The authors thank Marieke de Wal for her comments and suggestions during the earlier phases of this research. Moreover, they thank three anonymous reviewers for their valuable comments on earlier versions of this article, which tremendously helped in sharpening the article. HMT thanks the Smart Governance research consortium for the relevant discussions and useful insights",1,,,no
"Council for the Physical Sciences 9 Netherlands Organization for Scientific Research, , Postbus 93460, 2509 AL The Hague, The Netherlands",1,Netherlands Organisation for Applied Scientific Research,I148297040,no
"DUBBLE CRG, European Synchrotron Radiation Facility, Netherlands Organization for Scientific Research (NWO), BP 220, F-38043, Grenoble Cedex, France",1,European Synchrotron Radiation Facility,I2801997478,no
"DUBBLE at European Synchrotron Radiation Facility, Netherlands Organization for Scientific Research (NWO), BP 220, 38043 Grenoble Cedex 9, France",1,European Synchrotron Radiation Facility,I2801997478,no
"DUBBLE CRG BM26@ESRF, European Synchrotron Radiation Facility, Netherlands Organization for Scientific Research (NWO), BP 220, F-38043, Grenoble, Cedex, France",1,European Synchrotron Radiation Facility,I2801997478,no
"DUBBLE CRG BM26@ESRF, Netherlands Organization for Scientific Research (NWO), European Synchrotron Radiation Facility, BP 220, 38043, Grenoble Cedex, France",1,European Synchrotron Radiation Facility,I2801997478,no
"DUBBLE CRG BM26@ESRF, Netherlands Organization for Scientific Research (NWO), European Synchrotron Radiation Facility, BP 220, F-38043 Grenoble Cedex, France",1,European Synchrotron Radiation Facility,I2801997478,no
"DUBBLE CRG BM26@ESRF, Netherlands Organization for Scientific, Research (NWO), European Synchrotron Radiation Facility, BP 220, F-38043 Grenoble Cedex, France",1,European Synchrotron Radiation Facility,I2801997478,no
"DUBBLE CRG BM26@ESRF; Netherlands Organization for Scientific, Research (NWO); European Synchrotron Radiation Facility, BP 220 F-38043 Grenoble Cedex France",1,European Synchrotron Radiation Facility,I2801997478,no
"DUBBLE CRG at the European Synchrotron Radiation Facility, Netherlands Organization for Scientific Research (NWO), 71 Avenue des Martyrs, 38042 Grenoble Cedex 9, France",1,European Synchrotron Radiation Facility,I2801997478,no
"DUBBLE#R#CRG, European Synchrotron#R#Radiation Facility, Netherlands Organization for Scientific Research (NWO), BP 220, F-38043, Grenoble Cedex, France",1,European Synchrotron Radiation Facility,I2801997478,no
"DUBBLE#R#CRG, Netherlands Organization for Scientific Research (NWO), European Synchrotron Radiation Facility, BP 220, F-38043, Grenoble Cedex, France",1,European Synchrotron Radiation Facility,I2801997478,no
"DUBBLE#R#at European Synchrotron Radiation Facility, Netherlands Organization for Scientific Research (NWO), BP 220, 38043 Grenoble Cedex 9, France",1,European Synchrotron Radiation Facility,I2801997478,no
"DUBBLE-CRG, Netherlands Organization for Scientific Research (NWO), European Synchrotron Radiation Facility (ESRF), Grenoble F-38043, France",1,European Synchrotron Radiation Facility,I2801997478,no
"Department of Chemical Engineering and Department of Mechanical Engineering, Eindhoven University of Technology, P.O. Box 513, 5600 MB Eindhoven, The Netherlands, Institute of Polymer Technology and Materials Engineering (IPTME), Loughborough University, Loughborough, LE11 3TU, United Kingdom, DUBBLE CRG/ESRF, Netherlands Organization for Scientific Research (NWO), c/o ESRF BP 220, F-38043, Grenoble Cedex, France, Dutch Polymer Institute (DPI), PO Box 902, 5600 AX Eindhoven, The Netherlands",1,Dutch Polymer Institute | Loughborough University | Eindhoven University of Technology,I4210106403 I143804889 I83019370,no
"Department of Hematology, Erasmus University Medical Center, Rotterdam, The Netherlands; The Netherlands Organisation for Scientific Research (NWO), Den Haag, The Netherlands. Electronic address: f.leebeek@erasmusmc.nl",1,Erasmus MC | Erasmus University Rotterdam,I2801952686 I913958620,no
"Department of Political Science, Netherlands Organization for Scientific Research (NWO), Leiden University",1,Netherlands Organisation for Applied Scientific Research,I148297040,no
"Drs. Jos ten Berge is working for the Netherlands Organisation for Scientific Research (NWO) on a PhD dissertation on Drugs in Art. From Opium to LSD. 1798–1968 , stationed at the Vrije Universiteit, Department of Art History, De Boelelaan 1105, NL — 1181 HV Amsterdam, The Netherlands",1,Vrije Universiteit Amsterdam,I865915315,no
Dutch National Intensive Care Evaluation/L. Peelen received an unrestricted educational grant of Eli Lilly Netherlands B.V. Other authors have no commercial association with or financial involvement that might pose a conflict of interest in connection with this article. N. Peek received a grant from the Netherlands Organisation for Scientific Research (NWO) under project number 634.000.020,1,,,no
"Dutch Organisation for Scientific Research (NWO), Radboud University, Nijmegen, The Netherlands",1,Radboud University Nijmegen,I145872427,no
"Dutch Organization for Scientific Research  NWO/Research School CNWS, Leiden University,  P.O. Box 9515, 2300 RA Leiden, The Netherlands",1,Leiden University,I121797337,no
"Dutch Polymer Institute, Laboratory of Polymer Chemistry, Materials Science Center, University of Groningen, Nijenborgh 4, 9747 AG Groningen, The Netherlands; Department of Engineering Physics and Mathematics, Materials Physics Laboratory, Helsinki University of Technology, P.O. Box 2200, FIN-02015 HUT, Espoo Finland; Department of Physics, University of Helsinki, P.O. Box 9, FIN-00014, Helsinki, Finland; and Netherlands Organization for Scientific Research (NWO) DUBBLE CRG/ESRF, c/o BP 220, Grenoble",1,Helsinki Institute of Physics | University of Groningen,I2800229700 I169381384,no
Dutch Research Council  Den Haag the Netherlands,1,The Health Council of the Netherlands,I4210094344,no
Dutch Research Council  The Hague The Netherlands,1,The Health Council of the Netherlands | Scientific Council for Government Policy,I4210094344 I90303723,no
"Dutch Research Council (NWO) , University of Amsterdam , Royal Dutch Zoological Society (KNDV) , Royal Zoological Society Natura Artis Magistra (ARTIS Zoo) , Surf Research Cloud (https: //www.surf.nl/) , Vrije Universiteit Amsterdam 1 ZOOlogy Conference 2025 , Amsterdam",1,University of Amsterdam,I887064364,no
Dutch Research Council / Open Science NL,1,,,no
"Dutch Research Council NWO Rubicon fellow at Migration Mobilities Bristol at the University of Bristol , UK",1,University of Bristol,I36234482,no
"Dutch Research Council NWO Rubicon fellow at Migration Mobilities Bristol at the University of Bristol, UK",1,University of Bristol,I36234482,no
"Dutch Research Council, Den Haag, the Netherlands",1,The Health Council of the Netherlands,I4210094344,no
"Dutch Research Council, NWO, The Haque, The Netherlands",1,The Health Council of the Netherlands,I4210094344,no
"Dutch Research Council, The Hague, the Netherlands",1,The Health Council of the Netherlands | Scientific Council for Government Policy,I4210094344 I90303723,no
"Dutch Science Foundation, P.O. Box 93138, 2509 AC The Hague, Netherlands",1,Hersenstichting,I4210162034,no
"Dutch-Belgian Beamline, Netherlands Organization for Scientific Research, European Synchrotron Radiation Facility, F-38000 Grenoble, France",1,European Synchrotron Radiation Facility,I2801997478,no
"Dutch-Belgian Beamline, Netherlands Organization for Scientific Research, European Synchrotron Radiation Facility, Grenoble F-38000, France",1,European Synchrotron Radiation Facility,I2801997478,no
"European Polar Board, NWO, Laan van Nieuw Oost-Indië 300, 2593 CE The Hague, The Netherlands",1,,,no
"European Polar Board, NWO, The Hague, the Netherlands",1,,,no
"European Synchrotron Radiation Facility (ESRF), BM26, Dutch Organization for Scientific Research (NWO), 6, rue Jules Horowitz, Grenoble, France",1,European Synchrotron Radiation Facility,I2801997478,no
"Faculty of Religion and Theology at Vrije Universiteit Amsterdam and director of the project “Multiple Religious Belonging: Hermeneutical and Empirical Explorations of Hybrid Religiosity”, funded by the Netherlands Organisation for Scientific Research (NWO)",1,Vrije Universiteit Amsterdam,I865915315,no
Free University of Amsterdam - The Netherlands Organisation for Scientific Research  (N.W.O),1,Netherlands Organisation for Applied Scientific Research,I148297040,no
G. I. De J. was a recipient of Grant No. 970-10-005 of the priority program Memory Processes and Dementia (GpD) of the Netherlands Science Foundation (NWO),1,,,no
"Grant Support: This study was funded by an unconditional grant (PRO-4-03) from the Dutch Foundation INnovation Allicance (SIA-RAAK), part of the Dutch Organization for Scientific Research (NWO). The funding source had no role in the study's design, conduct, and reporting",1,,,no
"H.L.A.J. is a clinical fellow of the Netherlands Organization of Scientific Research (The Hague, The Netherlands)",1,Netherlands Organisation for Applied Scientific Research,I148297040,no
"He is currently working on an interdisciplinary research project on the relations between science and esoteric discourse in the early twentieth century, sponsored by a Toptalent grant of the Netherlands Organization for Scientific Research (NWO). The research interacts with several aspects of the history of science, including the history of psychical research and parapsychology, esoteric uses of ether physics, vitalistic biology, and interpretations of quantum mechanics. He has published a number of articles on occultism, parapsychology, ritual magic, Kabbalah, and other esoteric systems of thought in modern culture",1,,,no
"ISMN, Istituto per lo Studio dei Materiali Nanostrutturati, CNR, Via U. La Malfa 153, 90146 Palermo, Italy, Netherlands Organization for Scientific Research (NWO), 6 rue Jules Horowitz, BP220, 38043 Grenoble CEDEX, France, Dipartimento di Chimica Inorganica e Analitica “Stanislao Cannizzaro”, Università di Palermo, Viale delle Scienze, Parco D'Orleans II, 90128, Palermo, Italy, and Dipartimento di Chimica Fisica “Filippo Accascina”, Università di Palermo, Viale delle Scienze, Parco D'Orleans II, 90128",1,University of Palermo | Institute of Nanostructured Materials,I900890020 I4210097224,no
"Ik dank NWO en de Niels Stensen Stichting voor hun financiële ondersteuning van een gedeelte van dit onderzoek. Lyndal Roper (Balliol College, Oxford) en de anonieme referent",1,,,no
"Institute of Philosophy, Kardinaal Mercierplein 2, B‐3000 Leuven, Belgium and Radboud University Nijmegen (The Netherlands) for the Dutch Organisation for Scientific Research (NWO)",1,Radboud University Nijmegen,I145872427,no
"Institution Netherlands Organization for Scientific Research (NWO) The European Synchrotron, CS40220, 38043, 71 Avenue des Martyrs 38000 Grenoble France",1,European Synchrotron Radiation Facility,I2801997478,no
"Isaac Newton Group of Telescopes , NWO ( Netherlands Organisation for Scientific Research) , Apartado 321 , 38700 Santa Cruz de La Palma , Spain;",1,Isaac Newton Group,I4210156485,no
"John Kleinen is an anthropologist and historian with a PhD from the University of Amsterdam (UvA). He is a associate professor emeritus at the UvA since April 2013. He is affiliated to the Amsterdam International School for Social Science Research (AISSR) and the Maritime Research Centre Amsterdam (MARE). His current research interests include the history of Vietnam, the institutional dynamics of French colonial expansion, and theory and practice of visual anthropology. He has received several research grants from The Netherlands Organisation for Scientific Research (NWO) and the Science Organisation for Global Development (WOTRO), the Centre National de la Recherche Scientifique (CNRS), the Royal Academy of Sciences (KNAW) and the University of Amsterdam. Special research projects have been carried out for the Dutch Ministry of Foreign Affairs, Ministry of Justice, the Ministry of Welfare and Culture, the Dutch Embassy in Hanoi and a number of NGO’s in the Netherlands and in Vietnam",1,University of Amsterdam,I887064364,no
K.N.F. is supported by a VIDI fellowship from the Netherlands Organization for Scientific Research (NWO),1,Netherlands Organisation for Applied Scientific Research,I148297040,no
"Laboratory of Polymer Chemistry, Materials Science Centre, Dutch Polymer Institute, University of Groningen, Nijenborgh 4, 9747 AG Groningen, The Netherlands, NWO, DUBBLE CRG/ESRF, c/o BP 220 Grenoble F38043, France, and Department of Engineering Physics and Mathematics and Center for New Materials, Helsinki University of Technology, P.O. Box 2200, FIN-02015 HUT, Espoo, Finland",1,University of Groningen | Dutch Polymer Institute,I169381384 I4210106403,no
"Laboratory of Polymer Chemistry, Zernike Institute for Advanced Materials, University of Groningen, Nijenborgh 4, 9747 AG Groningen, The Netherlands; Dubble CRG/ESRF, Netherlands Organization for Scientific Research (NWO), c/o ESRF, BP 220, F-38043 Grenoble Cedex, France; and Department of Engineering Physics and Mathematics and Center for New Materials, Helsinki University of Technology, P.O. Box 2200, FIN-02015 HUT Espoo, Finland",1,University of Groningen,I169381384,no
"Maastricht University, Netherlands. Supported by Dutch Research Council (NWO) project ""The Twilight Zone of Efficiency: Optimality of Quasi-Polynomial Time Algorithms"" [grant number OCEN.W.21.268]",1,Maastricht University,I34352273,no
"Maria Cruz is a senior policy adviser on open science at the Dutch Research Council in The Hague, the Netherlands",1,,,no
"NWO (Netherlands Organization for Scientific Research), Anna van Saksenlaan 51, Den Haag 2593 HW, Netherlands",1,Netherlands Organisation for Applied Scientific Research,I148297040,no
"NWO , Den Haag , The Netherlands",1,Gemeente Den Haag,I4210141390,no
NWO - NL Research Council,1,,,no
NWO Graduate Student,1,,,no
"NWO Laboratorium voor Isotopen Geologie, Amsterdam, The Netherlands",1,,,no
"NWO Laboratorium voor Isotopen-Geologie, De Boelelaan 1085, 1081 HV Amsterdam The Netherlands",1,,,no
NWO Physics,1,,,no
"NWO Priority Program “Scholar”, Roetersstraat 11, 1018 WB Amsterdam, Netherlands",1,,,no
NWO gefinancierd,1,,,no
"NWO, Laan van Nieuw Oost-Indië 300, Den Haag, The Netherlands",1,,,no
"NWO-Université de Leyde, Instituut voor Geschiedenis, Postbus 9515, 2300 RA Leyde, Pays-Bas",1,,,no
NWO-WOTRO Science for Global Development,1,Center for Global Development,I1319597252,no
NWO‐Institute AMOLF  Amsterdam The Netherlands,1,Institute for Atomic and Molecular Physics,I2803035111,yes
"National Organization for Scientific Research, The Hague, The Netherlands",1,,,no
"Nederlandse Organisatie voor Wetenschappelijk Onderzoek (NWO), DUBBLE CRG/ESRF, Grenoble, France",1,,,no
"Netherlands Institute for Radio Astronomy (ASTRON), The Netherlands Organization for Scientific Research (NWO), The Netherlands",1,Netherlands Institute for Radio Astronomy,I922237871,yes
"Netherlands Organisation for Scientific Research (NWO), Dutch-Belgium Beamline, European Synchrotron Radiation Facility, BP 220, 6 Rue Jules Horowitz, 38043 Grenoble, France",1,European Synchrotron Radiation Facility,I2801997478,no
"Netherlands Organisation for Scientific Research , Laan van Nieuw Oost-Indie 300 , NL-2509 AC The Hague , the Netherlands",1,Netherlands Organisation for Applied Scientific Research,I148297040,no
Netherlands Organisation for Scientific Research Humanities,1,Netherlands Organisation for Applied Scientific Research,I148297040,no
"Netherlands Organisation for Scientific Research, Amsterdam, Netherlands",1,Netherlands Organisation for Applied Scientific Research,I148297040,no
"Netherlands Organisation of Scientific Research NWO, Dutch Belgian Beamline, European Synchrotron Radiation Facility, B. P. 220, 38043 Grenoble, France; Department of Physical and Colloidal Chemistry, Free University of Brussels, Pleinlaan 2, 1050 Brussels, Belgium; and Laboratory of Polymer Technology and Laboratory of Polymer Chemistry, Eindhoven University of Technology TUE, P.O. Box 513, 5600 MB Eindhoven, The Netherlands",1,European Synchrotron Radiation Facility | Eindhoven University of Technology,I2801997478 I83019370,no
"Netherlands Organization for Scientific Research (NWO), DUBBLE CRG, European Synchrotron Radiation Facility, BP 220, F-38043, Grenoble Cedex, France",1,European Synchrotron Radiation Facility,I2801997478,no
"Netherlands Organization for Scientific Research (NWO), European Synchrotron Radiation Facility (ESRF), DUBBLE-CRG, Grenoble, F-38043, France",1,European Synchrotron Radiation Facility,I2801997478,no
"Netherlands Organization for Scientific Research (NOW) Dutch-Belgian Beamline, ESRF-The European Synchrotron  71 Avenue des Martyrs 38000 Grenoble France",1,European Synchrotron Radiation Facility,I2801997478,no
"Netherlands Organization for Scientific Research (NWO) DUBBLE CRG, European Synchrotron Radiation Facility, BP 220, F-38043, Grenoble Cedex, France",1,European Synchrotron Radiation Facility,I2801997478,no
Netherlands Organization for Scientific Research (NWO) The European Synchrotron Radiation Facility (ESRF) CS40220 38043 Grenoble Cedex 9 France,1,European Synchrotron Radiation Facility,I2801997478,no
"Netherlands Organization for Scientific Research (NWO) and Daresbury Laboratory,#N# Warrington WA4 4AD, UK",1,Daresbury Laboratory,I2802015276,no
"Netherlands Organization for Scientific Research (NWO), BM26B, European Synchrotron Radiation Facility, 6 Rue Jules Horowitz, BP 220, Grenoble Cedex 9, F-38043, France",1,European Synchrotron Radiation Facility,I2801997478,no
"Netherlands Organization for Scientific Research (NWO), DUBBLE at European Synchrotron Radiation Facility (Borsboom et al.), BP 220, 38043 Grenoble Cedex 9, France",1,European Synchrotron Radiation Facility,I2801997478,no
"Netherlands Organization for Scientific Research (NWO), DUBBLE beamline at the European Synchrotron Radiation Facility (ESRF), Grenoble, France",1,European Synchrotron Radiation Facility,I2801997478,no
"Netherlands Organization for Scientific Research (NWO), DUBBLE@ESRF, BP220, F38043 Grenoble Cedex, France, Lawrence Berkeley National Laboratory, 1 Cyclotron Road, Berkeley, California 94720-8226, Department of Physics, University of Wales, Aberystwyth SY23 3 BZ, United Kingdom, Swiss-Norwegian Beamlines at ESRF, BP 220, F-38043 Grenoble, France, and National Center for Electron Microscopy, Lawrence Berkeley National Laboratory, University of California, Berkeley, California",1,"Lawrence Berkeley National Laboratory | University of California, Berkeley",I148283060 I95457486,no
"Netherlands Organization for Scientific Research (NWO), European Synchrotron Radiation Facility (ESRF), DUBBLE-CRG, 38000 Grenoble, France",1,European Synchrotron Radiation Facility,I2801997478,no
"Netherlands Organization for Scientific Research (NWO), European Synchrotron Radiation Facility (ESRF), DUBBLE-CRG, 38043 Grenoble, France",1,European Synchrotron Radiation Facility,I2801997478,no
Netherlands Organization for Scientific Research (Netherlands),1,,,no
"Netherlands Organization for Scientific Research (ZWO), De Boelelaan 1085, 1081 HV Amsterdam, The Netherlands",1,,,no
"Netherlands Organization for Scientific Research , Laan van Nieuw Oost-Indie 300 , 2509 AC The Hague , The Netherlands",1,Netherlands Organisation for Applied Scientific Research,I148297040,no
"Netherlands Organization for Scientific Research , Laan van Nieuw Oost-Indie 300 , NL2509 AC The Hague , The Netherlands",1,Netherlands Organisation for Applied Scientific Research,I148297040,no
"Netherlands Organization for Scientific Research , NL ;",1,Netherlands Organisation for Applied Scientific Research,I148297040,no
"Netherlands Organization for Scientific Research , The Hague , The Netherlands",1,Netherlands Organisation for Applied Scientific Research,I148297040,no
"Netherlands Organization for Scientific Research NWO and the University Ca' Foscari of Venice, the Károli Gáspár University in Budapest, the University of Pavia, and the University of Zurich",1,,,no
"Netherlands Organization for Scientific Research, Department of General and Industrial Microbiology, Zeist, The Netherlands",1,Netherlands Organisation for Applied Scientific Research,I148297040,no
"Netherlands Organization for Scientific Research, Dutch Belgian Beamline Collaborating Research Group / European Synchrotron Radiation Facility, Grenoble, France",1,European Synchrotron Radiation Facility,I2801997478,no
"Netherlands Organization for Scientific Research, Dutch-Belgium Beam-Line Collaborative Research Group, European Synchrotron Radiation Facility, Grenoble, France",1,European Synchrotron Radiation Facility,I2801997478,no
"Netherlands Organization for Scientific Research, Laan van Nieuw Oost-Indie 300, NL2509 AC The Hague, The Netherlands ,",1,Netherlands Organisation for Applied Scientific Research,I148297040,no
"Netherlands Organization for Scientific Research, P.O. Box 93510, 2509 AM, Den Haag, The Netherlands",1,,,no
"Netherlands Organization for Scientific Research, The Hague and Utrecht University",1,Netherlands Organisation for Applied Scientific Research | Utrecht University,I148297040 I193662353,no
"Netherlands Organization for#R#Scientific Research (NWO), European Synchrotron Radiation Facility (ESRF), DUBBLE-CRG, Grenoble, F-38043, France",1,European Synchrotron Radiation Facility,I2801997478,no
"One of the authors certifies that he (JTP) has received a grant, during the study period, in an amount of USD 10,000 to USD 100,000 from the Netherlands Organisation for Scientific Research (The Hague, the Netherlands); and a grant, during the study period, in an amount of USD 10,000 to USD 100,000 from Medical Delta (Delft, the Netherlands)",1,,,no
"Principal Investigator SYMPHONY NWO-NWA Consortium, Rotterdam, The Netherlands",1,,,no
"Professor, University of Luxembourg. I am grateful to Blake Emerson, Peter Lindseth, Thomas Perroud, Jens-Peter Schneider, and Ulrich Stelkens for useful comments on an earlier draft and to the anonymous reviewers of the Modern Law Review. This research was funded by the Netherlands Organisation for Scientific Research (NWO), under the VENI grant scheme",1,Modern Law Review | University of Luxembourg,I4405269116 I186903577,no
"Programme Committee for Quality of Care Research, Council for Medical Research of The Netherlands Organization of Scientific Research, The Hague",1,Netherlands Organisation for Applied Scientific Research,I148297040,no
"Project EURECA (Effective Use of Reefer Containers through the Port of Rotterdam—A Transition Oriented Approach), Netherlands Organization for Scientific Research, NL-2509 AC The Hague, The Netherlands",1,,,no
"R&D, Netherlands Institute for Radio Astronomy (ASTRON), Netherlands Organization for Scientific Research (NWO), The Netherlands",1,Netherlands Institute for Radio Astronomy,I922237871,yes
Recipient of a NATO Science Fellowship from the Netherlands Organization for Scientific Research (N.W.O.),1,Netherlands Organisation for Applied Scientific Research,I148297040,no
"Research was supported by research grants of ZonMW (Dr. Kager, grant number: 92003504), the Stichting BeGeTu (Dr. Kager), and by a VENI grant of The Netherlands Organization for Scientific Research (NWO) (Dr. Wiersinga, grant number: 91610008)",1,,,no
Scien- tific Research (NWO) for financial support,1,Financial Research (Hungary),I4210100390,no
"Scientific Research (N.W.O.), Dutch Organization",1,,,no
Sponsorship: This study was supported by the Dutch AIDS Foundation and the Dutch Foundation for Scientific Research (NWO),1,,,no
Sponsorship: This work has in part been supported by the Netherlands Organization for Scientific Research (NWO/ZonMW) grant number 980-10-022,1,,,no
Supported by a grant from the Dutch Science Foundation NWO,1,,,no
Supported by a grant from the Netherlands Organization for Scientific Research,1,Netherlands Organisation for Applied Scientific Research,I148297040,no
"TU Eindhoven, the Netherlands and Scientific Research (NWO)",1,,,no
The Netherlands Organization for Scientifical Research,1,Netherlands Organisation for Applied Scientific Research,I148297040,no
The project received funding from EXPOSOME-NL (NWO,1,,,no
"The research for this paper was funded by NWO, the Netherlands Organization of Scientific Research. I thank my colleagues in the Contested Constitutions research project, Laurence Gormley, Peter A. J. van den Berg, Jieskje Hollander, and Jelte Olthof, as well as my colleagues in theoretical history, Frank Ankersmit, Jaap den Hollander, and Herman Paul, for their critical comments and fruitful suggestions",1,,,no
"The work of this author was supported by ESPRIT Basic Research Action No. 7141 (project ALCOM II: Algorithms and Complexity), and by the Netherlands Organization for Scientific Research (NWO) under contract NF 62-376 (NFI project ALADDIN: Algorithmic Aspects of Parallel and Distributed Systems)",1,,,no
"This study is based on the data of the Maastricht Cohort Study, Originally the Maastricht Cohort Study was funded by the Netherlands Scientific Organization for Scientific Research, grant 580-02-201-2",1,,,no
"This study was supported by a grant (accredited to Birgit van Ee) from the University of Groningen (Grant no. 15/00851), and the Netherlands Organisation for Scientific Research (Grant no. 023.007.049). The other authors have no conflicts of interest to disclose",1,University of Groningen,I169381384,no
"Trained as art historian and several teaching jobs at the faculty of Art History and Archeology at the Catholic University Nijmegen (1980-1989). Specialisation in 16th century panel painting. Trained as paintings conservator at the Stichting Restauratie Atelier Limburg (1990-1995). Working experience in studio's of  the Mauritshuis in The Hague, the Rijksmuseum Amsterdam and the Rijksmuseum Twenthe in Enschede. From 1995 until 1999 research conservator in MOLART (Molecular Aspects of Ageing in Painted Works of Art), an interdisciplinary scientific research project funded and supported by the Netherlands Organisation for Scientific Research (NWO). In 1995 he was employed by SRAL, also as co-ordinator of the curriculum of the Education and Training Programme on Conservation of Paintings and Painted Objects. This programme merged eight years ago with the University of Amsterdam. Since 2009 Hoppenbrouwers is director of SRAL. He is internationally active in conservation education organising training course at SRAL and as assistant working group coordinator of the Working Group Education and Training in Conservation of ICOM-CC and vice chair of ENCoRE (European Network of Conservation-Restoration Education)",1,Rijksmuseum,I1299319934,no
"UK Royal Society Resumé for researchers, Health Research Board Ireland; Dutch Research Council; Swiss National Science Foundation",1,Royal Society | Health Research Board,I1289762815 I4210086850,no
University of Amsterdam/The Netherlands Organization for Scientific Research#N#                    (NWO)The Netherlands,1,University of Amsterdam,I887064364,no
"Utrecht University, Utrecht; Dutch Research Council (NWO), The Hague",1,Utrecht University,I193662353,no
binnen het NWO project 'Lokaal bestuur en burgerkracht in Rotterdam' en was eerder betrokken bij diverse projecten inzake bestuur en ontwikkeling van o.a. de Wereldbank,1,,,no
"de Koninklijke Nederlandse Akademie van Wetenschappen (KNAW) , de Nederlandse Federatie van Universitair Medische Centra (NFU) , de Nederlandse Organisatie voor Wetenschappelijk Onderzoek (NWO) , TNO en de Vereniging Universiteiten van Nederland",1,Huisarts en Wetenschap | Netherlands Federation of University Medical Centres,I4210110540 I4210116824,no
"derived from my PhD project which was funded by NWO/WOTRO (The Netherlands Foundation for the Advancement of Tropical Research), CODESRIA (The Council for the Development of Research in Africa) and Rhodes University, South Africa",1,Council for the Development of Social Science Research in Africa,I118534171,no
fellow of the Netherlands NWO Genomics Initiative and the,1,,,no
het kader van een door NWO gefinancierd Vrije-Competitie-onder-zoek naar de geschiedenis van de veeteelt in Nederland in de twintigste eeuw,1,,,no
"project ‘Critique of Religion and the Framing of Jews and Muslims in Public Debate and Political Theory’, funded by the Dutch Research Council (NWO)",1,,,no
"supported by the Netherlands Organisation for Scientific Research, Veni grant “Frontiers in Parameterized Preprocessing” and Gravitation grant “Networks”. Marcin Pilipczuk is supported by Polish National Science Centre grant DEC-2012/05/D/ST6/03214",1,,,no
the Netherlands Organization for Scientific Research,1,,,no
www.adoptionresearch.nl). Dr. van IJzendoorn is supported by the NWO/SPINOZA Prize of the Netherlands Organization for Scientific Research. Dr. Bakermans-Kranenburg is supported by the VIDI grant of this organization. Dr. Juffer is supported by Wereldkinderen,1,,,no
"École Pratique des Hautes Études, PSL), NWO (The Dutch Research Council), IISMM (Institut d'études de l'Islam et des socié-tés du monde musulman) and the research project CrossRoads: European Cultural Diplomacy and Arab Christians in Palestine",1,École Pratique des Hautes Études | Institut d'études de l'Islam et des sociétés du monde musulman,I159885104 I4405277780,no
