raw_affiliation_string,works,now_assigned_to,now_assigned_ids,still_counts_via_lineage
Eawag,368,,,no
"Lib4RI - Library for the Research Institutes within the ETH Domain: Eawag, Empa, PSI & WSL",158,"Paul Scherrer Institute | Lib4RI - Library for the Research Institutes within the ETH Domain: Eawag, Empa, PSI & WSL",I2802229908 I4210116427,yes
"Lib4RI - Library for the Research Institutes within the ETH Domain: Eawag, Empa, PSI & WSL (Dübendorf, Switzerland)",16,"Lib4RI - Library for the Research Institutes within the ETH Domain: Eawag, Empa, PSI & WSL",I4210116427,yes
"Swiss Centre for Applied Ecotoxicology Eawag-EPFL, 8600 Dübendorf, Switzerland",15,École Polytechnique Fédérale de Lausanne | Swiss Centre for Applied Ecotoxicology,I5124864 I4405281650,yes
"Swiss Centre for Applied Ecotoxicology Eawag-EPFL, Dübendorf, Switzerland",11,École Polytechnique Fédérale de Lausanne | Swiss Centre for Applied Ecotoxicology,I5124864 I4405281650,yes
"Surface Waters - Research and Management, Swiss Federal Institute of Technology,  Zurich, Kastanienbaum, Switzerland",10,ETH Zurich,I35440088,no
"Swiss Center for Applied Ecotoxicology (Ecotox Center), EPFL ENAC IIE-GE, 1015 Lausanne, Switzerland",9,École Polytechnique Fédérale de Lausanne,I5124864,no
"Swiss Centre for Applied Ecotoxicology (Ecotox Centre), EPFL ENAC IIE-GE, 1015 Lausanne, Switzerland",7,École Polytechnique Fédérale de Lausanne | Swiss Centre for Applied Ecotoxicology,I5124864 I4405281650,yes
Swiss Centre for Applied Ecotoxicology Dübendorf Switzerland,7,Swiss Centre for Applied Ecotoxicology,I4405281650,yes
"Swiss Centre for Applied Ecotoxicology Eawag-EPFL, Überlandstrasse 133, 8600 Dübendorf, Switzerland",7,École Polytechnique Fédérale de Lausanne | Swiss Centre for Applied Ecotoxicology,I5124864 I4405281650,yes
Swiss Centre for Applied Ecotoxicology Eawag-EPFL Dübendorf; Switzerland,6,École Polytechnique Fédérale de Lausanne | Swiss Centre for Applied Ecotoxicology,I5124864 I4405281650,yes
Swiss Centre for Applied Ecotoxicology Eawag‐EPFL Dübendorf Switzerland,5,Swiss Centre for Applied Ecotoxicology,I4405281650,yes
"Swiss Centre for Applied Ecotoxicology, 8600, Dübendorf, Switzerland",5,Swiss Centre for Applied Ecotoxicology,I4405281650,yes
"Swiss Centre for Applied Ecotoxicology, Eawag-EPFL, Dübendorf, Switzerland",5,École Polytechnique Fédérale de Lausanne | Swiss Centre for Applied Ecotoxicology,I5124864 I4405281650,yes
"Swiss Centre for Applied Ecotoxicology, Überlandstrasse 133, 8600 Dübendorf, Switzerland",5,Swiss Centre for Applied Ecotoxicology,I4405281650,yes
"Swiss Centre for Applied Ecotoxicology, Überlandstrasse 133, 8600, Dübendorf, Switzerland",5,Swiss Centre for Applied Ecotoxicology,I4405281650,yes
"Swiss Centre for Applied Ecotoxicology, Dübendorf, Switzerland",4,Swiss Centre for Applied Ecotoxicology,I4405281650,yes
"Swiss Federal Institute for Water Resources and Water Pollution Control, Swiss Federal Institutes of Technology, Dübendorf, Switzerland",4,,,no
Centre Ecotox Eawag (Switzerland),3,Swiss Centre for Applied Ecotoxicology,I4405281650,yes
Eawag – Das Wasserforschungs-Institut des ETH-Bereichs,3,,,no
"Environmental Physics, Institute for Aquatic Sciences and Water Pollution Control, Dübendorf, Switzerland",3,,,no
Swiss Centre for Applied Ecotoxicology  Dübendorf Switzerland,3,Swiss Centre for Applied Ecotoxicology,I4405281650,yes
"Swiss Centre for Applied Ecotoxicology (Ecotox Centre), Lausanne/Dübendorf, Switzerland",3,Swiss Centre for Applied Ecotoxicology,I4405281650,yes
Swiss Centre for Applied Ecotoxicology Eawag-EPFL,3,École Polytechnique Fédérale de Lausanne | Swiss Centre for Applied Ecotoxicology,I5124864 I4405281650,yes
"Swiss Centre for Applied Ecotoxicology Eawag-EPFL , 8600 Dübendorf , Switzerland",3,École Polytechnique Fédérale de Lausanne | Swiss Centre for Applied Ecotoxicology,I5124864 I4405281650,yes
"Swiss Centre for Applied Ecotoxicology Eawag-EPFL, Überlandstrasse 133, CH-8600 Dübendorf, Switzerland",3,École Polytechnique Fédérale de Lausanne | Swiss Centre for Applied Ecotoxicology,I5124864 I4405281650,yes
"Swiss Centre for Applied Ecotoxicology Eawag-EPFL, Überlandstrasse 133, CH-8600, Dübendorf, Switzerland",3,École Polytechnique Fédérale de Lausanne | Swiss Centre for Applied Ecotoxicology,I5124864 I4405281650,yes
"Swiss Centre for Applied Ecotoxicology, 8600 Dübendorf, Switzerland",3,Swiss Centre for Applied Ecotoxicology,I4405281650,yes
"Swiss Centre for Applied Ecotoxicology, Eawag-EPFL, Überlandstrasse 133, 8600, Dübendorf, Switzerland",3,École Polytechnique Fédérale de Lausanne | Swiss Centre for Applied Ecotoxicology,I5124864 I4405281650,yes
"Swiss Federal Institute for Environmental Science and Technology, Dubendorf, Switzerland",3,,,no
"Swiss Federal Institute for Environmental Science and Technology, Duebendorf, Switzerland",3,,,no
"Swiss Federal Institute for Environmental Science and Technology, Ueberlandstrasse 133, CH-8600 Duebendorf, Switzerland",3,,,no
"Swiss Federal Institute for Water Resources and Water Pollution Control, Swiss Federal Institutes of Technology, Dübendorf",3,,,no
eawag,3,,,no
"now at Department Water Resources and Drinking Water, EAWAG, Switzerland; formerly at Institute of Earth Sciences, NAWI Graz Geocenter, University of Graz, Austria",3,University of Graz | Nawi Graz,I15766117 I4210108044,no
"Alumnus ETH Zurich, Eawag Duebendorf, Switzerland",2,ETH Zurich,I35440088,no
"Applied Aquatic Ecology, Swiss Federal Institute for Environmental Science and Technology, Kastanienbaum, Switzerland",2,,,no
"Aquatic Ecology and Evolution, Institute of Ecology and Evolution, University of Bern, Bern, Switzerland. ole.seehausen@eawag.ch",2,University of Bern,I118564535,no
"Division of Aquatic Ecology and Evolution, Institute of Ecology and Evolution, University of Bern, Bern, Switzerland. philine.feulner@eawag.ch",2,University of Bern,I118564535,no
EPFL / Eawag,2,École Polytechnique Fédérale de Lausanne,I5124864,no
ETH Zurich & Eawag,2,ETH Zurich,I35440088,no
Eawag & ETH Zurich;,2,ETH Zurich,I35440088,no
"Eawag (Das Wasserforschungs-Institut des ETH-Berei, Switzerland",2,,,no
Eawag / Univ Jyväskylä,2,University of Jyväskylä,I94722563,no
"Eawag, CH",2,,,no
"Eawag, das Wasserforschungsinstitut des ETH-Bereichs",2,,,no
Eawag-Wasserforschungs-Institut des ETH-Bereichs,2,,,no
"Ecotox Centre, Dübendorf, Switzerland",2,Swiss Centre for Applied Ecotoxicology,I4405281650,yes
"Ecotox Centre, Überlandstrasse 133, 8600 Dübendorf, Switzerland",2,Swiss Centre for Applied Ecotoxicology,I4405281650,yes
"EdenCT, Dübendorf, Switzerland",2,,,no
"FHNW, School of Life Sciences, Institute for Ecopreneurship, Hofackerstrasse 30, 4132 Muttenz, Switzerland",2,FHNW University of Applied Sciences and Arts Northwestern Switzerland,I2972652528,no
"Federal Institute of Environmental Science and Technology , Limnological Research Center , 6047 Kastanienbaum , Switzerland",2,,,no
"Forum Biodiversité Suisse, Université de Zurich, Eawag",2,University of Zurich,I202697423,no
"Institute for Ecopreneurship, School of Life Sciences, FHNW, Muttenz, Switzerland",2,FHNW University of Applied Sciences and Arts Northwestern Switzerland,I2972652528,no
"Institute for Ecopreneurship, School of Life Sciences, FHNW, Switzerland",2,FHNW University of Applied Sciences and Arts Northwestern Switzerland | Stiftung FHNW,I2972652528 I4405273041,no
"Institute of Aerospace Medicine, University of Zurich, Dübendorf, Switzerland",2,University of Zurich,I202697423,no
"Lib4RI - Library for the Research Institutes within the ETH Domain: Eawag, Empa, PSI & WSL, Dübendorf, Switzerland;",2,"Lib4RI - Library for the Research Institutes within the ETH Domain: Eawag, Empa, PSI & WSL",I4210116427,yes
Lib4RI Eawag-Empa Angemeldet,2,"Lib4RI - Library for the Research Institutes within the ETH Domain: Eawag, Empa, PSI & WSL",I4210116427,yes
"Now at Applied Aquatic Ecology, Swiss Federal Institute for Environmental Science and Technology, Kastanienbaum, Switzerland",2,,,no
"Particle Laboratory, Swiss Federal Institute for Environmental Science and Technology, Überlandstrasse 133, 8600 Dübendorf, Switzerland",2,,,no
"Swiss Biodiversity Forum, University of Zürich, Eawag",2,University of Zurich,I202697423,no
"Swiss Center for Applied Ecotoxicology Eawag/EPFL, 8600 Dübendorf, Switzerland",2,École Polytechnique Fédérale de Lausanne | Swiss Centre for Applied Ecotoxicology,I5124864 I4405281650,yes
"Swiss Centre for Applied Ecotoxicology (Ecotox Center), EPFL ENAC IIE-GE, Station 2, CH-1015 Lausanne, Switzerland",2,École Polytechnique Fédérale de Lausanne | Swiss Centre for Applied Ecotoxicology,I5124864 I4405281650,yes
"Swiss Centre for Applied Ecotoxicology (Ecotox Centre), Lausanne, Switzerland",2,Swiss Centre for Applied Ecotoxicology,I4405281650,yes
"Swiss Centre for Applied Ecotoxicology (Ecotox Centre), Lausanne/Dubendorf, Switzerland",2,Swiss Centre for Applied Ecotoxicology,I4405281650,yes
Swiss Centre for Applied Ecotoxicology (Switzerland),2,Swiss Centre for Applied Ecotoxicology,I4405281650,yes
"Swiss Centre for Applied Ecotoxicology Eawag-EPFL (Ecotox Centre), Überlandstrasse 133, 8600, Dübendorf, Switzerland",2,École Polytechnique Fédérale de Lausanne | Swiss Centre for Applied Ecotoxicology,I5124864 I4405281650,yes
"Swiss Centre for Applied Ecotoxicology Eawag-EPFL, Station 2 (GR B0 391), 1015 Lausanne, Switzerland",2,École Polytechnique Fédérale de Lausanne | Swiss Centre for Applied Ecotoxicology,I5124864 I4405281650,yes
Swiss Centre for Applied Ecotoxicology Eawag/EPFL,2,École Polytechnique Fédérale de Lausanne | Swiss Centre for Applied Ecotoxicology,I5124864 I4405281650,yes
"Swiss Centre for Applied Ecotoxicology Eawag/EPFL, Überlandstrasse 133, 8600, Dübendorf, Switzerland",2,École Polytechnique Fédérale de Lausanne | Swiss Centre for Applied Ecotoxicology,I5124864 I4405281650,yes
"Swiss Centre for Applied Ecotoxicology, Dübendorf, Zürich, Switzerland",2,Swiss Centre for Applied Ecotoxicology,I4405281650,yes
"Swiss Centre for Applied Ecotoxicology, Eawag/EPFL, Dübendorf, Switzerland",2,École Polytechnique Fédérale de Lausanne | Swiss Centre for Applied Ecotoxicology,I5124864 I4405281650,yes
"Swiss Centre for Applied Ecotoxicology, Eawag/EPFL, EPFL ENAC IIE-GE, Station 2, CH-1015 Lausanne, Switzerland",2,École Polytechnique Fédérale de Lausanne | Swiss Centre for Applied Ecotoxicology,I5124864 I4405281650,yes
"Swiss Centre for Applied Ecotoxicology, Eawag/EPFL, Überlandstrasse 133, 8600 Dübendorf, Switzerland",2,École Polytechnique Fédérale de Lausanne | Swiss Centre for Applied Ecotoxicology,I5124864 I4405281650,yes
"Swiss Centre for Applied Ecotoxicology, Eawag/EPFL, Überlandstrasse 133, CH-8600 Dübendorf, Switzerland",2,École Polytechnique Fédérale de Lausanne | Swiss Centre for Applied Ecotoxicology,I5124864 I4405281650,yes
"Swiss Centre for Applied Ecotoxicology, Überlandstraße 133, Dübendorf 8600, Switzerland",2,Swiss Centre for Applied Ecotoxicology,I4405281650,yes
"Swiss DNAlysis, Dübendorf, Switzerland (A.M.-D.)",2,,,no
Swiss Federal Institute for Aquatic Research and Technology and University of Berne,2,University of Bern,I118564535,no
"Swiss Federal Institute for Environmental Science and Technology (EA WAG) and Swiss Federal Institute of Technology (ETH), Diibendorf, Switzerland",2,,,no
"Swiss Federal Institute for Environmental Science and Technology and Swiss Federal Institute of Technology Zürich, Überlandstrasse 133, CH-8600 Dübendorf, Switzerland",2,ETH Zurich,I35440088,no
"Swiss Federal Institute for Environmental Science and Technology and Swiss Federal Institute of Technology Zürich, Überlandstrasse 133, CH-8600 Dübendorf, Switzerland",2,ETH Zurich,I35440088,no
"Swiss Federal Institute for Environmental Science and Technology and Swiss Federal Institute of Technology, CH-8600 Duebendorf, Switzerland",2,,,no
"Swiss Federal Institute for Environmental Science and Technology and Swiss Federal Institute of Technology, CH-8600 Dübendorf,1 and",2,,,no
"Swiss Federal Institute for Environmental Science and Technology and Swiss Federal Institute of Technology, CH-8600, Dübendorf, Switzerland",2,,,no
"Swiss Federal Institute for Environmental Science and Technology and Swiss Federal Institute of Technology, Dübendorf, Switzerland",2,,,no
"Swiss Federal Institute for Environmental Science and Technology, 8600 Dubendorf, Switzerland",2,,,no
"Swiss Federal Institute for Environmental Science and Technology, CH-8600 Duebendorf, Switzerland",2,,,no
"Swiss Federal Institute for Environmental Science and Technology, Department of Microbiology, Überlandstrasse 133, CH-8600 Dübendorf, Switzerland",2,,,no
"Swiss Federal Institute for Environmental Science and Technology, Eawag, CH-6047, Kastanienbaum, Switzerland. beat.mueller@eawag.ch",2,,,no
"Swiss Federal Institute for Environmental Science and Technology, Limnological Research Center, 6047 Kastanienbaum, Switzerland",2,,,no
"Swiss Federal Institute for Environmental Science and Technology, PO Box 611, Überlandstrasse 133, CH-8600 Dübendorf, Switzerland",2,,,no
"Swiss Federal Institute for Environmental Science and Technology, Uberlandstrasse 133, 8600 Dubendorf, Switzerland",2,,,no
"Swiss Federal Institute for Environmental Science and Technology, Uberlandstrasse 133, CH-8600 Dubendorf, Switzerland",2,,,no
"Swiss Federal Institute for Environmental Science and Technology, Uberlandstrasse 133, CH-8600 Dübendorf, Switzerland",2,,,no
"Swiss Federal Institute for Environmental Science and Technology, Ueberlandstr. 133, CH 8600 Duebendorf, Switzerland",2,,,no
Swiss Federal Institute for Water Resources and Water Pollution Control Swiss Federal Institutes of Technology CH-8600 Dübendorf / Switzerland,2,,,no
"Swiss Federal Institute of Technology Zürich and Federal Institute for Water Resources and Water Pollution Control, Dübendorf, Switzerland",2,ETH Zurich,I35440088,no
"Swiss Federal Institute of Technology, CH-8600, Dübendorf, Switzerland",2,,,no
"Swiss Federal Institute of Technology, Zürich, and Swiss Federal Institute for Water Resources and Water Pollution Control, Ueberlandstrasse 133, CH - 8600 Dübendorf, Switzerland",2,ETH Zurich,I35440088,no
"SwissDNAlysis, Duebendorf, Switzerland",2,,,no
"University of Bern, Eawag",2,University of Bern,I118564535,no
استاد موسسۀ علوم و فناوری آب، Eawag، دانشگاه ETH زوریخ، سوئیس,2,ETH Zurich,I35440088,no
) Department of Chemistry Swiss Federal Institute for Environmental Science and Technology (EA WAG) CH-8600 Diibendorf,1,,,no
") Prof. of Aquatic Chemistry Institute of Aquatic Sciences and Water Pollution Control (lOW) Swiss Federal Institute of Technology, ETHZ",1,ETH Zurich,I35440088,no
". Swiss Federal Institute for Environmental Science and Technol-ogy, Seestrasse 79, CH-6047 Kastanienbaum, Switzerland;",1,,,no
"17Swiss Centre for Applied Ecotoxicology Eawag-EPFL, Überlandstrasse 133, 8600 Dübendorf, Switzerland",1,École Polytechnique Fédérale de Lausanne | Swiss Centre for Applied Ecotoxicology,I5124864 I4405281650,yes
"2023 , Dübendorf , Switzerland",1,,,no
"6Swiss Centre for Applied Ecotoxicology, Überlandstrasse133, 8600 Dübendorf, Switzerland",1,Swiss Centre for Applied Ecotoxicology,I4405281650,yes
"<!--label omitted: 1-->Department of Environmental Microbiology and Molecular Ecotoxicology, Swiss Institute for Environmental Technology, 8600 Duebendorf, Switzerland,1 and",1,,,no
"<!--label omitted: 1-->Swiss Federal Institute for Environmental Sciences and Technology, CH-8600 Dübendorf, Switzerland,1 and",1,,,no
"<!--label omitted: 4-->Swiss Federal Institute for Environmental Science and Technology CH-8600 Dübendorf, Switzerland4",1,,,no
"AO foundation, Dübendorf, Switzerland",1,AO Foundation,I24616306,no
"Alumnus ETH Zürich, Eawag Dübendorf, Switzerland, Zurich, Switzerland",1,ETH Zurich,I35440088,no
Applied Aquatic Ecology Swiss Federal Institute for Environmental Science and Technology  Kastanienbaum Switzerland,1,,,no
"Aquatic & Fishery Sciences/Department of Biology, University of Washington, USA, 22 Eawag, Kastanienbaum, Switzerland,",1,University of Washington,I201448701,no
"Aquatic Ecology & Evolution, Institute of Ecology and Evolution, University of Bern, Bern, Switzerland. david.marques@eawag.ch",1,University of Bern,I118564535,no
"Aquatic Ecology & Macroevolution, Institute of Zoology, Department of Biology, University of Bern, Baltzerstrasse 6, CH-3012 Bern, EAWAG,",1,University of Bern,I118564535,no
"Aquatic Ecology and Evolution, Institute of Ecology & Evolution, University of Bern, Bern, Switzerland. isabel.magalhaes@eawag.ch",1,University of Bern,I118564535,no
"Aquatic Ecology and Evolution, Institute of Ecology and Evolution, University of Bern, Baltzerstrasse 6, CH-3012, Bern, Switzerland. ole.seehausen@eawag.ch",1,University of Bern,I118564535,no
"Aquatic Ecology and Evolution, Institute of Ecology and Evolution, University of Bern, Bern, Switzerland. nare.ngoepe@eawag.ch",1,University of Bern,I118564535,no
Aquatica 3114 Wichtrach Switzerland,1,,,no
BCorresponding author. Email: odzak@eawag.ch,1,,,no
Bereitgestellt von | Lib4RI Eawag-Empa Angemeldet,1,"Lib4RI - Library for the Research Institutes within the ETH Domain: Eawag, Empa, PSI & WSL",I4210116427,yes
"Biogeochemistry, Seestrasse 97, 6047 Kastanienbaum, Switzerland Department of Biology, McGill University 1205 Avenue Docteur Penfield, Montréal, H3A 1B1 Québec, Canada",1,McGill University,I5023651,no
"CABE (Analytical and Biophysical Environmental Chemistry), University of Geneva, Sciences II, 30 Quai E. Ansermet, CH-1211, Geneva 4, Switzerland, and EAWAG (Swiss Federal Institute for Environmental Science and Technology), CH-8600 Dübendorf, Switzerland",1,University of Geneva,I114457229,no
Cecilia Padilla Iglesias is a postdoctoral researcher at the University of Cambridge. Erika C. Freeman is a postdoctoral researcher at Eawag. Send your career story to ,1,University of Cambridge,I241749,no
Centre Ecotox Eawag,1,Swiss Centre for Applied Ecotoxicology,I4405281650,yes
"Centre Ecotox Eawag / EPFL Luiz Felippe De Alencastro ; Luca Rossi , EPF Lausanne",1,École Polytechnique Fédérale de Lausanne | Swiss Centre for Applied Ecotoxicology,I5124864 I4405281650,yes
"Centre Ecotox Eawag/EPFL, EPFL-ENAC-IIE-GE, Lausanne, Suisse",1,École Polytechnique Fédérale de Lausanne | Swiss Centre for Applied Ecotoxicology,I5124864 I4405281650,yes
"Centre Ecotox Eawag/EPFL, EPFL-ENAC-IIE-GE, Station 2, 1015, Lausanne, Switzerland",1,École Polytechnique Fédérale de Lausanne | Swiss Centre for Applied Ecotoxicology,I5124864 I4405281650,yes
"Centre Ecotox, Eawag/EPFL Lausanne Switzerland",1,École Polytechnique Fédérale de Lausanne | Swiss Centre for Applied Ecotoxicology,I5124864 I4405281650,yes
"Centre Ecotox, Eawag/EPFL, EPFL-ENAC-IIE-GE, Station 2, CH-1015 Lausanne, Switzerland",1,École Polytechnique Fédérale de Lausanne | Swiss Centre for Applied Ecotoxicology,I5124864 I4405281650,yes
"Centre Ecotox, Eawag/EPFL, Lausanne, Switzerland",1,École Polytechnique Fédérale de Lausanne | Swiss Centre for Applied Ecotoxicology,I5124864 I4405281650,yes
"Centre Suisse d'écotoxicologie appliquée (Centre Ecotox) , Eawag/EPFL , EPFL-ENAC-IIE-GE , Station 2 , 1015 Lausanne , Suisse",1,École Polytechnique Fédérale de Lausanne | Swiss Centre for Applied Ecotoxicology,I5124864 I4405281650,yes
"Centre Suisse d’écotoxicologie appliquée (Centre Ecotox), Eawag/EPFL, Station 2, ENAC-IIE, CH-1015 Lausanne, Suisse",1,École Polytechnique Fédérale de Lausanne | Swiss Centre for Applied Ecotoxicology,I5124864 I4405281650,yes
"Chimiste, Professeure à l’École Polytechnique Fédérale de Zurich, Eawag, Dübendorf, Suisse, p. 203.laura.sigg@eawag.ch",1,ETH Zurich,I35440088,no
"Concrete and Asphalt Laboratory, Empa—Swiss Federal Laboratories for Materials Science and Technology, Überlandstrasse 129, Dübendorf 8600, Switzerland; ETH Zurich, Swiss Federal Institute of Technology Zurich, Institute of Environmental Engineering, Ecological Systems Design, John-von-Neumann-Weg 9, Zurich 8093, Switzerland",1,ETH Zurich | Swiss Federal Laboratories for Materials Science and Technology | Institute of Environmental Engineering,I35440088 I71824836 I4405253839,no
"DUbendorf "" ) Department of Environmental Physics",1,,,no
Das Wasserforschungs-Institut des ETH-Bereichs 8600 Dübendorf,1,,,no
Das Wasserforschungsinstitut des ETH-Bereichs Eawag Überlandstrasse 133 8600 Dübendorf Schweiz,1,,,no
"Department F.-A. Forel for Environmental and Aquatic Sciences, University of Geneva, Uni Carl Vogt, 66 boulevard Carl-Vogt, CH-1211 Geneva, Switzerland; Swiss Centre for Applied Ecotoxicology Eawag-EPFL (Centre Ecotox), EPFL-ENAC-IIE-GE, Station 2, 1015 Lausanne, Switzerland",1,École Polytechnique Fédérale de Lausanne | University of Geneva | Swiss Centre for Applied Ecotoxicology,I5124864 I114457229 I4405281650,yes
"Department F.-A. Forel for Environmental and Aquatic Sciences, University of Geneva, Uni Carl Vogt, 66 boulevard Carl-Vogt, CH-1211 Geneva, Switzerland; Swiss Centre for Applied Ecotoxicology, Eawag-EPFL (Centre Ecotox), EPFL-ENAC-IIE-GE, Station 2, 1015 Lausanne, Switzerland. Electronic address: benoit.ferrari@centreecotox.ch",1,École Polytechnique Fédérale de Lausanne | University of Geneva | Swiss Centre for Applied Ecotoxicology,I5124864 I114457229 I4405281650,yes
"Department of Aquatic Ecology (ETH Zurich, 6047 Kastanienbaum, SUISSE - Suisse)",1,ETH Zurich,I35440088,no
"Department of Aquatic Ecology (ETH Zurich, 6047 Kastanienbaum, SUISSE - Switzerland)",1,ETH Zurich,I35440088,no
"Department of Aquatic Ecology Eawag  Seestrasse 79, 6047 Kastanienbaum Luzern Switzerland",1,,,no
"Department of Aquatic Ecology, Überlandstrasse, Dübendorf, Switzerland",1,,,no
"Department of Aquatic Ecology, Überlandstrasse, Dübendorf, Switzerland",1,,,no
"Department of Biomolecular Sciences and Biotechnology, Università degli Studi di Milano, Milan, 2 Institute of Biomedical Technologies, National Research Council (CNR), Segrate (MI), Italy and 3 EAWAG, Swiss Institute for Environmental Technology, Dübendorf, Switzerland",1,University of Milan | Institute of Biomedical Technologies | National Research Council,I189158943 I4210154278 I4210155236,no
"Department of Earth Sciences, Swiss Federal Institute of Technology, Zurich (ETH Zurich), Zurich, Switzerland (nathalie.dubois@eawag.ch)",1,ETH Zurich,I35440088,no
"Department of Environmental Chemistry, Überlandstrasse 133, 8600, Dübendorf, Switzerland",1,,,no
Department of Environmental Microbiology ETH Zürich Eawag Switzerland,1,ETH Zurich,I35440088,no
"Department of Environmental Microbiology and Molecular Ecotoxicology, Swiss Federal Institute for Environmental Science and Technology, Dübendorf, Switzerland",1,,,no
"Department of Environmental Microbiology and Molecular Ecotoxicology, Swiss Federal Institute for Environmental Science and Technology, PO Box 611, 8600 Dübendorf, Switzerland",1,,,no
"Department of Environmental Microbiology and Molecular Ecotoxicology, Swiss Institute for Environmental Technology, 8600 Duebendorf, Switzerland,1 and",1,,,no
"Department of Environmental Microbiology and Molecular Ecotoxicology, Swiss Institute for Environmental Technology, Ueberlandstrasse 133, 8600 Duebendorf, Switzerland",1,,,no
"Department of Environmental Physics, Swiss Federal Institute of Environmental Science and Technology (EA WAG), Diibendorf, Switzerland",1,,,no
"Department of Environmental Physics, Swiss Federal Institute of Environmental Science and Technology, Überlandstrasse 133, CH-8600 Dübendorf, Switzerland",1,,,no
"Department of Environmental Science and Engineering/Groundwater Research Centre, Building 115, Technical University of Denmark, DK-2800 Lyngby, Denmark, and Swiss Federal Institute for Environmental Science and Technology (EAWAG) and Swiss Federal Institute of Technology (ETH), CH-8600 Dübendorf, Switzerland",1,Technical University of Denmark,I96673099,no
"Department of Environmental Sciences, Aquatic Ecology, Institute of Integrative Biology (IBZ), ETH-Zürich, Überlandstrasse 133, 8600 Dübendorf, Switzerland",1,ETH Zurich | Institute of Integrative Biology,I35440088 I4405254264,no
"Department of Environmental Systems Science, ETHZ (Swiss Federal Institute of Technology in Zurich), Zurich, Switzerland. kristin.schirmer@eawag.ch",1,ETH Zurich,I35440088,no
"Department of Environmental Systems Science, Swiss Federal Institute of Technology (ETH), 8092, Zürich, Switzerland. yinyin.ma@eawag.ch",1,ETH Zurich,I35440088,no
"Department of Environmental Toxicology, Swiss Federal Institute for Environmental Science and Technology, 8600 Dubendorf, Switzerland",1,,,no
"Department of Environmental Toxicology, Swiss Federal Institute for Environmental Science and Technology,8600 Dubendorf,Switzerland",1,,,no
"Department of Fish Ecology and Evolution, Evolution and Biogeochemistry, Seestraße 79, Kastanienbaum 6047, Switzerland",1,,,no
"Department of Fish Ecology and Evolution, Switzerland",1,,,no
"Department of Geography and Environmental Engineering, Johns Hopkins University, 3400 North Charles Street, Baltimore, Maryland 21218, and Swiss Federal Institute for Environmental Science and Technology (EAWAG) and Swiss Federal Institute of Technology (ETH), Zurich, Switzerland",1,ETH Zurich | Johns Hopkins University,I35440088 I145311948,no
"Department of Hydrobiology and Limnology, Swiss Federal Institute for Environmental Science and Technology, CH-8600, Duebendorf, Switzerland",1,,,no
"Department of Limnology, Swiss Federal Institute for Environmental Science and Technology, Überlandstrasse 133, CH-
8600 Dübendorf, Switzerland",1,,,no
"Department of Limnology, Swiss Federal Institute for Environmental Science and Technology, Überlandstrasse 133, CH- 8600 Dübendorf, Switzerland",1,,,no
"Department of Microbiology, Swiss Federal Institute for Environmental Science and Technology, 8600 Dübendorf, Switzerland",1,,,no
"Department of Microbiology, Swiss Federal Institute for Environmental Science and Technology, Dübendorf, Switzerland",1,,,no
"Department of Microbiology, Swiss Federal Institute for Environmental Science and Technology, Überlandstrasse 133, CH-8600 Dübendorf, Switzerland",1,,,no
"Department of Microbiology, Swiss Federal Institute for Environmental Science and Technology, Überlandstr. 133, 8600, Dübendorf, Switzerland",1,,,no
"Department of Microbiology, Swiss Federal Institute for Environmental Science and Technology, Überlandstrasse 133, CH-8600 Dübendorf, Switzerland",1,,,no
"Department of Microbiology, Swiss Federal Institute of Environmental Sciences and Technology, CH-8600 Dübendorf, Switzerland",1,,,no
"Department of Microbiology, Swiss Federal Institute of Environmental Sciences and Technology, CH-8600 Dübendorf, Switzerland",1,,,no
"Department of Microbiology, Wageningen Agricultural University, H. van Suchtelenweg 4, NL-6703 CT Wageningen, The Netherlands, and EAWAG/ETH, CH-8600 Dübendorf, Switzerland",1,,,no
"Department of Physical & Colloid Chemistry, Wageningen Agricultural University, Dreijenplein 6, 6703 HB Wageningen, The Netherlands, and EAWAG/ETH, CH 8600, Dübendorf, Switzerland",1,,,no
"Department of Physics, Emory University, Atlanta, GA 30322, United States; Department of Environmental Systems Sciences, ETH Zürich, 8092 Zürich, Switzerland; Department of Environmental Microbiology, Eawag 8600 Dübendorf, Switzerland. Electronic address: Guram.Gogia@emory.edu",1,ETH Zurich | Emory University,I35440088 I150468666,no
"Department of Resource and Waste Management, Swiss Federal Institute for Environmental Science and Technology, P.O. 6111, CH-8600 Dubendorf, Switzerland",1,,,no
"Department of Soil and Crop Sciences, Colorado State University, Fort Collins, Colorado, Department of Chemistry, Colorado State University, Fort Collins, Colorado, Institute of Biogeochemistry and Pollutant Dynamics, ETH Zurich, Switzerland, Center for Applied Geoscience, University of Tübingen, Germany, School of Earth and Atmospheric Sciences, Georgia Institute of Technology, Atlanta, Georgia, Delaware Environmental Institute, University of Delaware, Newark, Delaware, Eawag, Swiss Federal Institute of",1,University of Tübingen | ETH Zurich | University of Delaware | Colorado State University | Georgia Institute of Technology | Institute of Biogeochemistry and Pollutant Dynamics,I8087733 I35440088 I86501945 I92446798 I130701444 I4405257012,no
"Department of Surface Waters -Research and Management, 6047 Kastanienbaum, Switzerland",1,,,no
"Department of Surface Waters Research and Management, Kastanienbaum, 6047 Switzerland",1,,,no
"Department of Water Resources and Drinking Water, Swiss Federal Institute of Environmental Science and Technology, P.O. Box 611, Ueberlandstrasse 133, CH-8600 Duebendorf, Switzerland",1,,,no
"Department of Water Resources and Drinking Water, Swiss Federal Institute of Environmental Science and Technology, P.O. Box 611, Ueberlandstrasse 133, CH-8600 Duebendorf, Switzerland; 0041–1–823 5531; fax 0041–1–823 5210; [email protected]",1,,,no
"Division Aquatic Ecology & Evolution, Institute of Ecology and Evolution, University of Bern, Bern, 3012, Switzerland. coralie.delarue@eawag.ch",1,University of Bern,I118564535,no
"Division of Aquatic Ecology & Evolution, Institute of Ecology & Evolution, University of Bern, Bern, Switzerland. Ole.Seehausen@eawag.ch",1,University of Bern,I118564535,no
"Division of Aquatic Ecology & Evolution, Institute of Ecology & Evolution, University of Bern, Bern, Switzerland. pascal.vonlanthen@eawag.ch",1,University of Bern,I118564535,no
"Division of Aquatic Ecology & Evolution, Institute of Ecology and Evolution, University of Bern, Baltzerstr. 6, CH-3012, Bern, Switzerland. ole.seehausen@eawag.ch",1,University of Bern,I118564535,no
"Division of Aquatic Ecology & Evolution, Institute of Ecology and Evolution, University of Bern, Bern, Switzerland. etienne.bezault@yahoo.fr",1,University of Bern,I118564535,no
"Dr. Susan J. Masten is an associate professor of environmental engineering in the Department of Civil and Environmental Engineering at Michigan State University (East Lansing, MI 48824–1326, 517/353-8539). She received a B.S. in biochemistry from Fairleigh Dickinson University, an M.S.E. in environmental engineering from West Virginia University, and a Ph.D. in environmental engineering from Harvard University. Prior to locating at MSU, Dr. Masten conducted research at EAWAG-ETH, Zurich, Switzerland",1,West Virginia University | ETH Zurich | Michigan State University | Harvard University,I12097938 I35440088 I87216513 I136199984,no
Dübendorf ,1,,,no
"Dübendorf , 2007",1,,,no
"Dübendorf , 46 pp . Dübendorf ,",1,,,no
"EC -JRC , IT Hans Sanderson , Aarhus University , DK Hanna Schreiber , Umweltbundesamt , AT Christoph Schür , Eawag , CH Paul Thomas , KREATiS , FR",1,Aarhus University,I204337017,no
EPFL et Eawag LE LAC DE ZURICH EN LIGNE PRÉVISIONS HYDRODYNAMIQUES 3D EN TEMPS-RÉEL SUR METEOL AKES,1,École Polytechnique Fédérale de Lausanne,I5124864,no
"ETH Zurich, Institute of Mechanical Systems, Leonhardstr. 21, 8092 Zürich, Switzerland; Empa, Swiss Federal Laboratories for Materials Science and Technology, Überlandstr. 129, 8600 Dübendorf, Switzerland. Electronic address: mazza@imes.mavt.ethz.ch",1,ETH Zurich | Swiss Federal Laboratories for Materials Science and Technology | Institute of Mechanical Systems,I35440088 I71824836 I4405255898,no
"Eawag , ETH Zurich , EPF Lausanne",1,École Polytechnique Fédérale de Lausanne | ETH Zurich,I5124864 I35440088,no
"Eawag , das Wasserforschungsinstitut des ETH-Bereichs ,",1,,,no
Eawag : Das Wasserforschungs- Institut des ETH -Bereichs Seestrasse 79 CH-6047 Kastanienbaum,1,,,no
Eawag Das Wasserforschungsinstitut des ETH-Bereichs,1,,,no
Eawag and Institute for Integrative Biology Eidgenössische Technische Hochschule (ETH)  Zurich Switzerland,1,ETH Zurich | Institute of Integrative Biology,I35440088 I4405254264,no
"Eawag and Institute of Biogeochemistry and Pollutant Dynamics , ETH Zürich , Zürich , Switzerland",1,ETH Zurich | Institute of Biogeochemistry and Pollutant Dynamics,I35440088 I4405257012,no
"Eawag, 8600, Dübendorf, Switzerland, juerg.zobrist@eawag.ch",1,,,no
"Eawag, Department of Water Resources and Drinking Water Alireza Kavousi TU Dresden, Institute of Groundwater Management",1,Technische Universität Dresden,I78650965,no
Eawag/EPFL,1,École Polytechnique Fédérale de Lausanne,I5124864,no
"Eawag/EPFL , Switzerland",1,École Polytechnique Fédérale de Lausanne,I5124864,no
"Eawag/EPFL Nathalie Chèvre , Université de Lausanne",1,École Polytechnique Fédérale de Lausanne | University of Lausanne,I5124864 I97565354,no
Eawag/ETH - Zurich;,1,ETH Zurich,I35440088,no
"Eawag: Das Wasserforschungs-Institut des ETH-Bereichs, Seestrasse 79, CH-6047, Kastanienbaum, Schweiz",1,,,no
"EawagSeestrasse 79, 6047 Kastanienbaum, Switzerland",1,,,no
"Ecotox Centre - EPFL ENAC IIE, GE, Station 2, CH-1015 Lausanne, Switzerland; Ecotox Centre, Überlandstrasse 133, 8600 Dübendorf, Switzerland",1,École Polytechnique Fédérale de Lausanne | Swiss Centre for Applied Ecotoxicology,I5124864 I4405281650,yes
"Ecotox Centre - EPFL ENAC IIE, GE, Station 2, CH-1015, Lausanne, Switzerland; Ecotox Centre, Überlandstrasse 133, 8600, Dübendorf, Switzerland",1,École Polytechnique Fédérale de Lausanne | Swiss Centre for Applied Ecotoxicology,I5124864 I4405281650,yes
"Ecotox Centre Eawag, Dübendorf, Switzerland",1,Swiss Centre for Applied Ecotoxicology,I4405281650,yes
"Ecotox Centre, Dübendorf, Switzerland",1,Swiss Centre for Applied Ecotoxicology,I4405281650,yes
"Ecotox Centre, Swiss Center for Applied Ecotoxicology, Eawag/EPFL, Uberlandstrasse 133, CH-8600, Dübendorf, Switzerland. petra.kunz@oekotoxzentrum.ch",1,École Polytechnique Fédérale de Lausanne | Swiss Centre for Applied Ecotoxicology,I5124864 I4405281650,yes
"Ecotox Centre, Swiss Center for Applied Ecotoxicology, Eawag/EPFL, Überlandstrasse 133, CH-8600, Dübendorf, Switzerland",1,École Polytechnique Fédérale de Lausanne | Swiss Centre for Applied Ecotoxicology,I5124864 I4405281650,yes
"Ecotox Centre, Swiss Centre for Applied Ecotoxicology (Centre Ecotox Eawag-EPFL), Lausanne/Dübendorf, Switzerland",1,École Polytechnique Fédérale de Lausanne | Swiss Centre for Applied Ecotoxicology,I5124864 I4405281650,yes
"Ecotox Centre, Swiss Centre for Applied Ecotoxicology, Eawag/EPFL, Überlandstrasse 133, CH-8600 Dübendorf, Switzerland",1,École Polytechnique Fédérale de Lausanne | Swiss Centre for Applied Ecotoxicology,I5124864 I4405281650,yes
"Ecotox Centre, Überlandstrasse 133, 8600, Dübendorf, Switzerland",1,Swiss Centre for Applied Ecotoxicology,I4405281650,yes
"Ecotox Centre, Überlandstrasse 133, CH-8600 Dübendorf, Switzerland",1,Swiss Centre for Applied Ecotoxicology,I4405281650,yes
"Ecotox Centre, Überlandstrasse 133, CH-8600, Dübendorf, Switzerland",1,Swiss Centre for Applied Ecotoxicology,I4405281650,yes
"Ecotox Centre, Überlandstrasse 133, CH-8600, Dübendorf, Switzerland; Ecotox Centre - EPFL ENAC IIE, GE, Station 2, CH-1015, Lausanne, Switzerland",1,École Polytechnique Fédérale de Lausanne | Swiss Centre for Applied Ecotoxicology,I5124864 I4405281650,yes
"Empa, Swiss Federal Laboratories for Materials Science and Technology, Laboratory for Advanced Analytical Technologies, Überlandstrasse 129, CH-8600, Dübendorf, Switzerland; ETH, Swiss Federal Institute of Technology, Institute of Chemical and Bioengineering, Vladimir-Prelog-Weg 1, CH-8093, Zurich, Switzerland",1,ETH Zurich | Swiss Federal Laboratories for Materials Science and Technology | Institute for Chemical and Bioengineering,I35440088 I71824836 I4405257618,no
"Environmental Microbiology and Molecular Ecotoxicology, Swiss Federal Institute of Environmental Sciences and Technology, CH-8600 Du¨bendorf, Switzerland",1,,,no
"Environmental Physics, Institute for Aquatic Sciences and Water Pollution Control Eidgen6ssische Technische Hochschule, Zurich, Switzerland",1,ETH Zurich,I35440088,no
"Environmental Physics, Institute for Aquatic Sciences, Ueberlandstrasse 133, CH-8600, Dübendorf, Switzerland",1,,,no
"Environmental Physics, Swiss Federal Institute for Environmental Science and Technology, D•bendorf, Switzerland",1,,,no
"Environmental Physics/Sedimentology, Swiss Federal Institute for Environmental Science and Technology, Dübendorf, Switzerlands",1,,,no
"Environmental Physics/Sedimentology, Swiss Federal Institute for Environmental Science and Technology, Ueberlandstasse 133, CH-8600, Dübendorf, Switzerlands",1,,,no
"Environmental Physics/Sedimentology, Swiss Federal Institute for Environmental Science and Technology, Überlandstrasse 133, CH-8600, Dübendorf, Switzerland, , , , , , CH",1,,,no
"Environmental Physics/Sedimentology, Swiss Federal Institute for Environmental Science and Technology, Überlandstrasse 133, CH-8600, Dübendorf, Switzerland, , CH",1,,,no
Environmental Social Sciences  Dübendorf Switzerland,1,,,no
"Environmental Toxicology, Eawag , ,",1,,,no
"Federal Institute for Environmental Science and Technology, Swiss Federal Institutes of Technology, CH-8600 Dübendorf, Switzerland",1,,,no
"Federal Institute for Water Resources and Water Pollution Control, 6047 Kastanienbaum, Switzerland",1,,,no
"Federal Institute for Water Resources and Water Pollution Control, Associated with the Swiss Federal Institutes of Technology, CH-8600, Dübendorf-Zürich, Switzerland",1,,,no
"Federal Institute for Water Resources and Water Pollution Control, Associated with the Swiss Federal Institutes of Technology, Dübendorf-Zürich, Switzerland",1,,,no
"Federal Institute for Water Resources and Water Pollution Control, Überlandstrasse 133, CH-8600, Dübendorf, Switzerland",1,,,no
"Federal Institute of Environmental Science and Technology, Limnological Research Center, 6047 Kastanienbaum, Switzerland",1,,,no
"Federal Institute of Technology (ETH), Limnological Research Center, CH-6047 Kastanienbaum, Switzerland",1,,,no
"General Internal Medicine Practice, CH-8600 Dübendorf, Switzerland",1,,,no
"Griffith University, Environmental Futures Research Institute, Southern Ocean Persistent Organic Pollutants Program, Brisbane, QLD, Australia; Eawag, Swiss Federal Institute of Technology, Dübendorf, Switzerland. Electronic address: Michael.burkard@eawag.ch",1,Griffith University,I11701301,no
"Grundstraße 24, 8600, Dübendorf, Switzerland",1,,,no
"Human Ecology Group , Swiss Federal Institute of Environmental Science and Technology",1,,,no
"Human Ecology Group, Swiss Federal Institute of Environmental Science and Technology",1,,,no
"IDep. of Environmental Microbiology and Molecular Ecotoxicology , Swiss Federal Institute for Environmental Science and Technology (EAWAG) , CH-Dtibendorf; 2Fischnetz , Swiss Federal Institute for Environmental Science and Technology (EAWAG) , CH- Dtibendorf",1,,,no
"Institut für Wasserforschung EAWAG , und von der Academia Sinica in Taiwan",1,Academia Sinica,I84653119,no
"Institute for Aquatic Sciences and Water Pollution Control, Swiss Federal Institute of Technology, 8092 , Zurich, Switzerland",1,ETH Zurich,I35440088,no
"Institute for Aquatic Sciences and Water Pollution Control, Swiss Federal Institute of Technology, Zurich ETHZ",1,ETH Zurich,I35440088,no
"Institute for Aquatic Sciences and Water Pollution Control, Swiss Federal Institute of Technology, Zurich, Switzerland",1,ETH Zurich,I35440088,no
Institute for Aquatic Sciences of the Swiss Federal Institute of Technology (IGW /ETHZ),1,,,no
"Institute for Environmental Science and Technology, Swiss Federal Institute of Technology, CH-8600 Dübendorf, Switzerland",1,ETH Zurich,I35440088,no
"Institute for Environmental Science and Technology, Swiss Federal Institutes of Technology, CH-8600 Dübendorf, Switzerland",1,,,no
"Institute for Environmental Sciences, University of Koblenz-Landau, Fortstraße 7, D-76829 Landau, Germany; Swiss Centre for Applied Ecotoxicology Eawag-EPFL, Überlandstrasse 133, 8600 Dübendorf, Switzerland",1,University of Koblenz and Landau | Universität Koblenz | Swiss Centre for Applied Ecotoxicology,I2802076133 I4387153937 I4405281650,yes
"Institute for Water Research and Water Technology (IGW), Ueberlandstrasse 133, CH-8600 Duebcndorf, Switzerland",1,,,no
"Institute for Water Resources and Water Pollution Control (EAW.4.G), and Institute of Aquatic Sciences, Swiss Federal Institute of Technology (ETH), Zurich, Switzerland",1,ETH Zurich,I35440088,no
"Institute of Aerospace Medicine, University of Zurich, Wangenstrasse 68, 8600 Dübendorf, Switzerland",1,University of Zurich,I202697423,no
"Institute of Biochemistry and Physiology of Microorganisms, Russian Academy of Sciences, 142292 Pushchino, Moscow Region, Russia, and Department of Microbiology, Swiss Federal Institute for Environmental Science and Technology (EAWAG), P.O. Box 611, CH-8600 Dübendorf, Switzerland",1,Russian Academy of Sciences | G. K. Skryabin Institute of Biochemistry and Physiology of Microorganisms,I1313323035 I4210158654,no
"Institute of Biogeochemistry and Pollutant Dynamics, ETH Zürich and Department of Environmental Microbiology, Eawag, Switzerland",1,ETH Zurich | Institute of Biogeochemistry and Pollutant Dynamics,I35440088 I4405257012,no
"Institute of Biogeochemistry and Pollutant Dynamics, Swiss Federal Institute of Technology Zurich (ETH Zurich), Zurich, Switzerland (xingguo.han@usys.ethz.ch;  Julie.Tolu@eawag.ch;  longhui.deng@usys.ethz.ch; Fiskal@bafg.de; carsten.schubert@eawag.ch; len",1,ETH Zurich | Institute of Biogeochemistry and Pollutant Dynamics,I35440088 I4405257012,no
"Institute of Ecology and Evolution, University of Bern, Switzerland; and Eawag Centre of Ecology, Evolution and Biogeochemistry, Kastanienbaum, Switzerland",1,University of Bern,I118564535,no
"Institute of Environmental Systems Science, Swiss Federal Institute of Technology Zurich (ETHZ), Zurich, Switzerland (carsten.schubert@eawag.ch)",1,ETH Zurich,I35440088,no
"Institute of Inorganic Chemistry, Department of Chemistry and Applied Biosciences, ETH Zürich, Vladimir Prelog Weg 1, CH-8093, Switzerland, and at Empa, Swiss Federal Laboratories for Materials Science and Technology, Dübendorf, Überlandstrasse 129, CH-8600, Switzerland",1,ETH Zurich | Swiss Federal Laboratories for Materials Science and Technology,I35440088 I71824836,no
"Institute of Integrative Biology, ETH Zurich, ETH Zentrum, CHN H76.2, Universitaetsstr. 16, CH-8092 Zurich, Switzerland; Eawag, Dübendorf, Switzerland",1,ETH Zurich | Institute of Integrative Biology,I35440088 I4405254264,no
"Institute of Integrative Biology, ETH Zürich-Swiss Federal Institute of Technology, Zürich, Switzerland. francesco.pomati@eawag.ch",1,ETH Zurich | Institute of Integrative Biology,I35440088 I4405254264,no
"Institute of Integrative Biology, ETH-Zurich, Zurich, Switzerland, and Department of Aquatic Ecology, Deberlandstrasse 133, CH-8600, Duebendorf, Switzerland",1,ETH Zurich | Institute of Integrative Biology,I35440088 I4405254264,no
"Institute of Integrative Biology, ETH-Zürich, Überlandstrasse 133, 8600 Dübendorf, Switzerland",1,ETH Zurich | Institute of Integrative Biology,I35440088 I4405254264,no
"Institute of Integrative Biology, ETH‐Zurich, Zurich, Switzerland, and Department of Aquatic Ecology, Deberlandstrasse 133, CH‐8600, Duebendorf, Switzerland",1,ETH Zurich | Institute of Integrative Biology,I35440088 I4405254264,no
"Institute of Mechanical Systems, ETH Zurich, Tannenstrasse 3, 8092 Zurich, Switzerland; EMPA Materials Science and Technology, Überlandstrasse 129, 8600 Dübendorf, Switzerland",1,ETH Zurich | Swiss Federal Laboratories for Materials Science and Technology | Institute of Mechanical Systems,I35440088 I71824836 I4405255898,no
"Institutefor Water Resources and Water Pollution Control (EAW AG), Swiss Federal Institute of Technology Zurich (ETHZ), CH-8600 Dübendorf, Switzerland",1,ETH Zurich,I35440088,no
"Institutes of Aquatic Sciences and Biotechnology, Swiss Federal Institute of Technology, Zurich, Ueberlandstrasse 133, CH-8600 Dübendorf, Switzerland",1,ETH Zurich,I35440088,no
"Institutes of Aquatic Sciences and Biotechnology, Swiss Federal Institute of Technology, Zürich, Ueberlandstraße 133, CH-8600 Dübendorf, Swizerland",1,ETH Zurich,I35440088,no
"Institutes of Aquatic Sciences and of Biotechnology, Swiss Federal Institute of Technology Zurich, Ueberlandstrasse 133, CH-8600 Dubendorf, Switzerland",1,ETH Zurich,I35440088,no
"Laboratoire Dynamique de la Biodiversité, UMR 5172 CNRS-UPS, 29, rue Jeanne Marvig, 31055 Toulouse Cedex, France Department of Limnology, Eawag/ETH, 6047 Kastanienbaum, Switzerland",1,Centre National de la Recherche Scientifique | Laboratoire Dynamique de la Biodiversité,I1294671590 I4210132577,no
"Laboratory of Organic Chemistry, Swiss Federal Institute for Materials Science and Technology (Empa), Überlandstrasse 129, 8600 Dübendorf, Switzerland, and Swiss Federal Institute for Environmental Science and Technology (EAWAG), Überlandstrasse 133, 8600 Dübendorf, Switzerland",1,Swiss Federal Laboratories for Materials Science and Technology,I71824836,no
"Lake Research Laboratory, EA WAG / ETH, CH‐6047 Kastanienbaum, Switzerland",1,,,no
"Lamont-Doherty Geological Observatory of Columbia University, Palisades, New York 10964 U.S.A.ddPresent address: EAWAG, Swiss Federal Institute of Technology, Ueberlandstrasse, CH-8600 Duebeudorf, Switzerland",1,Columbia University,I78577930,no
"Lib4RI - Library for the Research Institutes within the ETH Domain: Eawag, Empa, PSI & WSL, 8600 Dübendorf, Switzerland",1,"Lib4RI - Library for the Research Institutes within the ETH Domain: Eawag, Empa, PSI & WSL",I4210116427,yes
"Lib4RI -Library for the Research Institutes within the ETH Domain: Eawag , Empa , PSI & WSL Dübendorf , Schweiz",1,"Lib4RI - Library for the Research Institutes within the ETH Domain: Eawag, Empa, PSI & WSL",I4210116427,yes
"Lib4RI -Library for the Research Institutes within the ETH Domain: Eawag, Empa, PSI & WSL",1,"Lib4RI - Library for the Research Institutes within the ETH Domain: Eawag, Empa, PSI & WSL",I4210116427,yes
Limnological Research Center Swiss Federal Institute for Environmental Science and Technology  Kastanienbaum Switzerland,1,,,no
Limnological Research Center Swiss Federal Institute for Environmental Science and Technology Kastanienbaum Switzerland,1,,,no
"Limnological Research Center of Swiss Federal Institute for Environmental Science and Technology, CH-6047 Kastanienbaum (LU), Switzerland",1,,,no
"Limnological Research Center, 6047 Kastanienbaum, Switzerland",1,,,no
"Limnological Research Center, Seestrasse 79, CH-6047 Kastanienbaum, Switzerland",1,,,no
"Limnological Research Center, Swiss Federal Institute for Environmental Science and Technology, CH 6047 Kastanienbaum, Switzerland",1,,,no
"Limnological Research Center, Swiss Federal Institute for Environmental Science and Technology, Kastanienbaum, Switzerland",1,,,no
"Limnological Research Center, Swiss Federal Institute of Environmental Science and Technology (EAWAG) and Swiss Federal Institute of Technology (ETH), Seestrasse 79, CH-6047 Kastanienbaum, Switzerland",1,,,no
"Limnological Research Center, Swiss Federal Institute of Environmental Science and Technology, CH-6074 Kastanienbaum, Switzerland. beat.mueller@eawag.ch",1,,,no
"Materials Science and Technology , Überlandstrasse 129 , CH-8600 Dübendorf , Switzerland",1,Swiss Federal Laboratories for Materials Science and Technology,I71824836,no
"Michigan Technological University, 1400 Townsend Drive, Houghton, Michigan 49931, and Swiss Federal Institute for Environmental Science and Technology (EAWAG), CH-8600 Dübendorf, Switzerland",1,Michigan Technological University,I11957088,no
"Molecular Microbial Ecology, Institute of Biogeochemistry and Pollutant Dynamics, ETH Zurich, Überlandstrasse 133, 8600, Dübendorf, Switzerland",1,ETH Zurich | Institute of Biogeochemistry and Pollutant Dynamics,I35440088 I4405257012,no
"Oekotoxzentrum, Eawag/EPFL",1,École Polytechnique Fédérale de Lausanne | Swiss Centre for Applied Ecotoxicology,I5124864 I4405281650,yes
"Paques Biosyst BV, Met Grp, T Boerstr 24, POB 52, NL-8560 AB Balk, The Netherlands, (E-mail: joerg.rieckermann@eawag.ch)",1,Paques (Netherlands),I4210139193,no
"Particle Laboratory, Swiss Federal Institute for Environmental Science and Technology, Postfach 611, Überlandstrasse 133, CH-8600 Dübendorf/Zurich, Switzerland",1,,,no
"Paul G. Tratnyek is an assistant professor in the Department of Environmental Science and Engineering at the Oregon Graduate Institute of Science and Technology (P.O. Box 9100, Portland, OR 97291-1000). He received his Ph.D. from the Colorado School of Mines in 1987; served as a National Research Council Postdoctoral Fellow at the U.S. Environmental Protection Agency Laboratory in Athens, Georgia, during 1988; and served as a research associate at the Swiss Federal Institute for Water Resources and Water Pollution Control (EAWAG) from 1989 to 1991. He was co-organizer (with John Zogorski of the U.S. Geological Survey and Bruce Bauman of the American Petroleum Institute) of the “Symposium on the Environmental Fate and Effects of Gasoline Oxygenates” for the 213th National Meeting of the American Chemical Society, San Francisco, California, 13-17 April 1997",1,Colorado School of Mines | Environmental Protection Agency,I167576493 I1302368450,no
"Paul G. Tratnyek is an associate professor in the Department of Environmental Science and Engineering at the Oregon Graduate Institute (P.O. Box 91000, Portland, OR 97291; e-mail: [email protected] ). He received his Ph.D. from the Colorado School of Mines in 1987. Tratnyek served as a National Research Council postdoctoral fellow at the U.S. Environmental Protection Agency Laboratory in Athens, Georgia, during 1988 and as a research associate at the Swiss Federal Institute for Water Resources and Water Pollution Control (EAWAG) from 1989 to 1991. His research has involved remediation with zero-valent iron metal since he joined the University of Waterloo Solvents-in-Groundwater Research Programme in 1992",1,Colorado School of Mines | Environmental Protection Agency,I167576493 I1302368450,no
"Physics of Aquatic Systems Laboratory, Margareth Kamprad Chair Swiss Federal Institute of Technology Lausanne  Lausanne Switzerland",1,École Polytechnique Fédérale de Lausanne,I5124864,no
"Process of Environmental Microbiology and Molecular Ecotoxicology, Swiss Federal Institute for Environmental Science and Technology, CH 8600 Dübendorf, Switzerland",1,,,no
"Prof., Inst. of Hydromechanics and Water Resour. Mgmt., Swiss Fed. Inst. of Technol., Eidgenössische Technische Hochschule Hoenggerberg, 8093 Zurich, Switzerland. E-mail: gujer@eawag.ch",1,ETH Zurich,I35440088,no
"Res. Asst., Engrg. Dept., Swiss Fed. Inst. of Envir. Sci. and Technol., Ueberlandstrasse 133, 8600 Duebendorf, Switzerland",1,,,no
"Research Assistant, Swiss Federate Institute of Environmental Science and Technology, Ueberlandstrasse 133, 8600 Duebendorf, Switzerland",1,,,no
"Research Assistant, Swiss Federate Institute of Environmental Science and Technology, Ueberlandstrasse 133, 8600 Duebendorf, Switzerland. E-mail:",1,,,no
"S. Baumgartner, J. Beer, J. Masarik, G. Wagner, Environmental Physics, Swiss Federal Institute of Science and Technology, CH-8600 Dübendorf, Switzerland",1,,,no
"SANDEC, Swiss Federal Institute of Environmental Science and Technology, Ueberlandstrasse 133, PO Box 611, CH-8600 Duebendorf, Switzerland (E-mail: schertenleib@eawag.ch)",1,,,no
SWISS CENTRE FOR APPLIED ECOTOXICOLOGY DUBENDORF CHE,1,Swiss Centre for Applied Ecotoxicology,I4405281650,yes
"Savannah River National Laboratory, USA; University of Aberdeen, UK; Eawag, Switzerland; Enterpris, UK; University College London, UK",1,University College London | University of Aberdeen | Savannah River National Laboratory,I45129253 I195460627 I2799909505,no
"Senior Research Scientist, Swiss Federate Institute of Environmental Science and Technology, Ueberlandstrasse 133, 8600 Duebendorf, Switzerland (corresponding author)",1,,,no
"Senior Research Scientist, Swiss Federate Institute of Environmental Science and Technology, Ueberlandstrasse 133, 8600 Duebendorf, Switzerland. E-mail:",1,,,no
Surface Waters Eawag,1,,,no
"Swiss Center for Applied Ecotoxicology Eawag-EPFL, 8600, Duebendorf, Switzerland",1,École Polytechnique Fédérale de Lausanne | Swiss Centre for Applied Ecotoxicology,I5124864 I4405281650,yes
"Swiss Center for Applied Ecotoxicology Eawag-EPFL, Dübendorf, Switzerland",1,École Polytechnique Fédérale de Lausanne | Swiss Centre for Applied Ecotoxicology,I5124864 I4405281650,yes
Swiss Center for Applied Ecotoxicology Eawag‐EPFL Dübendorf Switzerland,1,Swiss Centre for Applied Ecotoxicology,I4405281650,yes
"Swiss Center for Applied Ecotoxicology, Eawag-EPFL, Überlandstrasse 133, 8600, Dübendorf, Switzerland",1,École Polytechnique Fédérale de Lausanne | Swiss Centre for Applied Ecotoxicology,I5124864 I4405281650,yes
"Swiss Centre for Applied Ecotoxicology (Eawag/EPFL), Dübendorf, Switzerland",1,École Polytechnique Fédérale de Lausanne | Swiss Centre for Applied Ecotoxicology,I5124864 I4405281650,yes
"Swiss Centre for Applied Ecotoxicology (Ecotox Center) (Swiss Centre for Applied Ecotoxicology (Ecotox Center), EPFL ENAC IIE-GE, Station 2, CH-1015, Lausanne, Switzerland - Switzerland)",1,École Polytechnique Fédérale de Lausanne | Swiss Centre for Applied Ecotoxicology,I5124864 I4405281650,yes
"Swiss Centre for Applied Ecotoxicology (Ecotox Center), EPFL ENAC IIE-GE, Station 2, CH-1015, Lausanne, Switzerland",1,École Polytechnique Fédérale de Lausanne | Swiss Centre for Applied Ecotoxicology,I5124864 I4405281650,yes
"Swiss Centre for Applied Ecotoxicology (Ecotox Centre Eawag-EPFL), 1015 Lausanne, Switzerland",1,École Polytechnique Fédérale de Lausanne | Swiss Centre for Applied Ecotoxicology,I5124864 I4405281650,yes
"Swiss Centre for Applied Ecotoxicology (Ecotox Centre Eawag-EPFL), Lausanne/Dübendorf, Switzerland",1,École Polytechnique Fédérale de Lausanne | Swiss Centre for Applied Ecotoxicology,I5124864 I4405281650,yes
Swiss Centre for Applied Ecotoxicology (Ecotox Centre)  Lausanne/Dubendorf Switzerland,1,Swiss Centre for Applied Ecotoxicology,I4405281650,yes
"Swiss Centre for Applied Ecotoxicology (Ecotox Centre) , Lausanne/Dübendorf,",1,Swiss Centre for Applied Ecotoxicology,I4405281650,yes
Swiss Centre for Applied Ecotoxicology (Ecotox Centre) Eawag‐EPFL  Lausanne/Dübendorf Switzerland,1,École Polytechnique Fédérale de Lausanne | Swiss Centre for Applied Ecotoxicology,I5124864 I4405281650,yes
"Swiss Centre for Applied Ecotoxicology (Ecotox Centre), 1015 Lausanne, Switzerland",1,Swiss Centre for Applied Ecotoxicology,I4405281650,yes
"Swiss Centre for Applied Ecotoxicology (Ecotox Centre), Dübendorf, Switzerland",1,Swiss Centre for Applied Ecotoxicology,I4405281650,yes
"Swiss Centre for Applied Ecotoxicology (Ecotox Centre), Eawag/EPFL, 1015, Lausanne, Switzerland",1,École Polytechnique Fédérale de Lausanne | Swiss Centre for Applied Ecotoxicology,I5124864 I4405281650,yes
"Swiss Centre for Applied Ecotoxicology (Ecotox Centre), Eawag/EPFL, Lausanne, Switzerland",1,École Polytechnique Fédérale de Lausanne | Swiss Centre for Applied Ecotoxicology,I5124864 I4405281650,yes
"Swiss Centre for Applied Ecotoxicology (Ecotox Centre), Eawag/EPFL, Lausanne, Switzerland. regis.vivien@centreecotox.ch",1,École Polytechnique Fédérale de Lausanne | Swiss Centre for Applied Ecotoxicology,I5124864 I4405281650,yes
"Swiss Centre for Applied Ecotoxicology , 8600 Dübendorf",1,Swiss Centre for Applied Ecotoxicology,I4405281650,yes
"Swiss Centre for Applied Ecotoxicology , Dübendorf,",1,Swiss Centre for Applied Ecotoxicology,I4405281650,yes
"Swiss Centre for Applied Ecotoxicology , Eawag-EPFL , Ueberlandstrasse 131 , 8600 Dübendorf , Switzerland",1,École Polytechnique Fédérale de Lausanne | Swiss Centre for Applied Ecotoxicology,I5124864 I4405281650,yes
"Swiss Centre for Applied Ecotoxicology , Lausanne/Dübendorf,",1,Swiss Centre for Applied Ecotoxicology,I4405281650,yes
"Swiss Centre for Applied Ecotoxicology , Ueberlandstrasse 133 , 8600 Duebendorf , Switzerland",1,Swiss Centre for Applied Ecotoxicology,I4405281650,yes
"Swiss Centre for Applied Ecotoxicology , Überlandstraße 133 , Dübendorf 8600 , Switzerland",1,Swiss Centre for Applied Ecotoxicology,I4405281650,yes
"Swiss Centre for Applied Ecotoxicology Eawag, École Polytechnique Fédérale de Lausanne (EPFL), Dübendorf, Switzerland",1,École Polytechnique Fédérale de Lausanne | Swiss Centre for Applied Ecotoxicology,I5124864 I4405281650,yes
Swiss Centre for Applied Ecotoxicology Eawag-EPFL (Ecotox Centre),1,École Polytechnique Fédérale de Lausanne | Swiss Centre for Applied Ecotoxicology,I5124864 I4405281650,yes
"Swiss Centre for Applied Ecotoxicology Eawag-EPFL (Ecotox Centre), EPFL-ENAC-IIE-GE, Station 2, 1015, Lausanne, CH, Switzerland",1,École Polytechnique Fédérale de Lausanne | Swiss Centre for Applied Ecotoxicology,I5124864 I4405281650,yes
"Swiss Centre for Applied Ecotoxicology Eawag-EPFL (Ecotox Centre), EPFL-ENAC-IIE-GE, Station 2, CH-1015, Lausanne, Switzerland",1,École Polytechnique Fédérale de Lausanne | Swiss Centre for Applied Ecotoxicology,I5124864 I4405281650,yes
"Swiss Centre for Applied Ecotoxicology Eawag-EPFL (Ecotox Centre), Überlandstrasse 133, 8600 Dübendorf, Switzerland",1,École Polytechnique Fédérale de Lausanne | Swiss Centre for Applied Ecotoxicology,I5124864 I4405281650,yes
"Swiss Centre for Applied Ecotoxicology Eawag-EPFL , Überlandstrasse 133 , 8600 Dübendorf , Switzerland",1,École Polytechnique Fédérale de Lausanne | Swiss Centre for Applied Ecotoxicology,I5124864 I4405281650,yes
"Swiss Centre for Applied Ecotoxicology Eawag-EPFL, , Lausanne , Switzerland",1,École Polytechnique Fédérale de Lausanne | Swiss Centre for Applied Ecotoxicology,I5124864 I4405281650,yes
"Swiss Centre for Applied Ecotoxicology Eawag-EPFL, 8600 Dübendorf, Switzerland. Electronic address: etienne.vermeirssen@oekotoxzentrum.ch",1,École Polytechnique Fédérale de Lausanne | Swiss Centre for Applied Ecotoxicology,I5124864 I4405281650,yes
"Swiss Centre for Applied Ecotoxicology Eawag-EPFL, 8600, Dübendorf, Switzerland",1,École Polytechnique Fédérale de Lausanne | Swiss Centre for Applied Ecotoxicology,I5124864 I4405281650,yes
"Swiss Centre for Applied Ecotoxicology Eawag-EPFL, 8600, Dübendorf, Switzerland. Electronic address: etienne.vermeirssen@oekotoxzentrum.ch",1,École Polytechnique Fédérale de Lausanne | Swiss Centre for Applied Ecotoxicology,I5124864 I4405281650,yes
"Swiss Centre for Applied Ecotoxicology Eawag-EPFL, 8600, Dübendorf, Switzerland. Electronic address: inge.werner@oekotoxzentrum.ch",1,École Polytechnique Fédérale de Lausanne | Swiss Centre for Applied Ecotoxicology,I5124864 I4405281650,yes
"Swiss Centre for Applied Ecotoxicology Eawag-EPFL, Station 2 (GR B0 391), 1015 Lausanne, Switzerland. Electronic address: carmen.casado@centreecotox.ch",1,École Polytechnique Fédérale de Lausanne | Swiss Centre for Applied Ecotoxicology,I5124864 I4405281650,yes
"Swiss Centre for Applied Ecotoxicology Eawag-EPFL, Ueberlandstrasse 133, CH-8600 Duebendorf, Switzerland",1,École Polytechnique Fédérale de Lausanne | Swiss Centre for Applied Ecotoxicology,I5124864 I4405281650,yes
"Swiss Centre for Applied Ecotoxicology Eawag-EPFL, Überlandstrasse 131, 8600 Dübendorf, CH, Switzerland",1,École Polytechnique Fédérale de Lausanne | Swiss Centre for Applied Ecotoxicology,I5124864 I4405281650,yes
"Swiss Centre for Applied Ecotoxicology Eawag-EPFL, Überlandstrasse 131, Dübendorf, CH, Switzerland",1,École Polytechnique Fédérale de Lausanne | Swiss Centre for Applied Ecotoxicology,I5124864 I4405281650,yes
"Swiss Centre for Applied Ecotoxicology Eawag-EPFL, Überlandstrasse 133, 8600 Dübendorf, Switzerland. Electronic address: cornelia.kienle@oekotoxzentrum.ch",1,École Polytechnique Fédérale de Lausanne | Swiss Centre for Applied Ecotoxicology,I5124864 I4405281650,yes
"Swiss Centre for Applied Ecotoxicology Eawag-EPFL, Überlandstraße 133, 8600 Dübendorf, Switzerland",1,École Polytechnique Fédérale de Lausanne | Swiss Centre for Applied Ecotoxicology,I5124864 I4405281650,yes
"Swiss Centre for Applied Ecotoxicology Eawag/EPFL, Station 2 (GR B0 391), 1015, Lausanne, Switzerland",1,École Polytechnique Fédérale de Lausanne | Swiss Centre for Applied Ecotoxicology,I5124864 I4405281650,yes
"Swiss Centre for Applied Ecotoxicology Eawag/EPFL, Station 2 (GR B0 391), 1015, Lausanne, Switzerland. carmen.casado@centreecotox.ch",1,École Polytechnique Fédérale de Lausanne | Swiss Centre for Applied Ecotoxicology,I5124864 I4405281650,yes
"Swiss Centre for Applied Ecotoxicology Eawag/EPFL, Überlandstrasse 133, 8600 Dübendorf, Switzerland",1,École Polytechnique Fédérale de Lausanne | Swiss Centre for Applied Ecotoxicology,I5124864 I4405281650,yes
"Swiss Centre for Applied Ecotoxicology Eawag/EPFL. EPFL-ENAC-IIE-GE, Station 2 (GR B0 391), 1015 Lausanne, Switzerland",1,École Polytechnique Fédérale de Lausanne | Swiss Centre for Applied Ecotoxicology,I5124864 I4405281650,yes
Swiss Centre for Applied Ecotoxicology Eawag‐EPFL Lausanne Switzerland,1,École Polytechnique Fédérale de Lausanne | Swiss Centre for Applied Ecotoxicology,I5124864 I4405281650,yes
"Swiss Centre for Applied Ecotoxicology, 8600 Dübendorf, Zürich, Switzerland",1,Swiss Centre for Applied Ecotoxicology,I4405281650,yes
"Swiss Centre for Applied Ecotoxicology, 8600 Dübendorf, Zürich, Switzerland; Institute for Ecopreneurship, FHNW Muttenz, 4132 Muttenz, Switzerland. Electronic address: ali.kizgin.eawag@gmail.com",1,Swiss Centre for Applied Ecotoxicology,I4405281650,yes
"Swiss Centre for Applied Ecotoxicology, 8600 Dübendorf, Überlandstrasse 133, Switzerland",1,Swiss Centre for Applied Ecotoxicology,I4405281650,yes
"Swiss Centre for Applied Ecotoxicology, 8600, Dübendorf, Switzerland. alexandra.kroll@eawag.ch",1,Swiss Centre for Applied Ecotoxicology,I4405281650,yes
"Swiss Centre for Applied Ecotoxicology, 8600, Dübendorf, Zürich, Switzerland",1,Swiss Centre for Applied Ecotoxicology,I4405281650,yes
"Swiss Centre for Applied Ecotoxicology, CH-8600 Dübendorf, CH-1015 Lausanne, Switzerland",1,Swiss Centre for Applied Ecotoxicology,I4405281650,yes
"Swiss Centre for Applied Ecotoxicology, CH-8600 Dübendorf, Switzerland",1,Swiss Centre for Applied Ecotoxicology,I4405281650,yes
"Swiss Centre for Applied Ecotoxicology, Dubendorf, Switzerland",1,Swiss Centre for Applied Ecotoxicology,I4405281650,yes
"Swiss Centre for Applied Ecotoxicology, Duebendorf, Switzerland",1,Swiss Centre for Applied Ecotoxicology,I4405281650,yes
"Swiss Centre for Applied Ecotoxicology, Dübendorf, 8600 Zürich, Switzerland",1,Swiss Centre for Applied Ecotoxicology,I4405281650,yes
"Swiss Centre for Applied Ecotoxicology, Dübendorf, 8600, Zurich, Switzerland",1,Swiss Centre for Applied Ecotoxicology,I4405281650,yes
"Swiss Centre for Applied Ecotoxicology, Dübendorf, Switzerland;",1,Swiss Centre for Applied Ecotoxicology,I4405281650,yes
"Swiss Centre for Applied Ecotoxicology, Eawag - EPFL, Überlandstrasse 133, 8600 Dübendorf, Switzerland",1,École Polytechnique Fédérale de Lausanne | Swiss Centre for Applied Ecotoxicology,I5124864 I4405281650,yes
"Swiss Centre for Applied Ecotoxicology, Eawag, Dübendorf, Switzerland",1,Swiss Centre for Applied Ecotoxicology,I4405281650,yes
"Swiss Centre for Applied Ecotoxicology, Eawag, Überlandstrasse 133, 8600, Dübendorf, Switzerland",1,Swiss Centre for Applied Ecotoxicology,I4405281650,yes
"Swiss Centre for Applied Ecotoxicology, Eawag-EPFL",1,École Polytechnique Fédérale de Lausanne | Swiss Centre for Applied Ecotoxicology,I5124864 I4405281650,yes
"Swiss Centre for Applied Ecotoxicology, Eawag-EPFL, Dübendorf, Switzerland. Electronic address: petra.kunz@oekotoxzentrum.ch",1,École Polytechnique Fédérale de Lausanne | Swiss Centre for Applied Ecotoxicology,I5124864 I4405281650,yes
"Swiss Centre for Applied Ecotoxicology, Eawag-EPFL, Ueberlandstrasse 131, 8600 Dübendorf, Switzerland",1,École Polytechnique Fédérale de Lausanne | Swiss Centre for Applied Ecotoxicology,I5124864 I4405281650,yes
"Swiss Centre for Applied Ecotoxicology, Eawag-EPFL, Überlandstr. 133, 8600 Dübendorf, Switzerland",1,École Polytechnique Fédérale de Lausanne | Swiss Centre for Applied Ecotoxicology,I5124864 I4405281650,yes
"Swiss Centre for Applied Ecotoxicology, Eawag-EPFL, Überlandstrasse 133, 8600, Dübendorf, Switzerland. eszter.simon@oekotoxzentrum.ch",1,École Polytechnique Fédérale de Lausanne | Swiss Centre for Applied Ecotoxicology,I5124864 I4405281650,yes
"Swiss Centre for Applied Ecotoxicology, Eawag/EPFL",1,École Polytechnique Fédérale de Lausanne | Swiss Centre for Applied Ecotoxicology,I5124864 I4405281650,yes
"Swiss Centre for Applied Ecotoxicology, Eawag/EPFL, Ueberlandstr. 133, 8600, Duebendorf, Switzerland",1,École Polytechnique Fédérale de Lausanne | Swiss Centre for Applied Ecotoxicology,I5124864 I4405281650,yes
"Swiss Centre for Applied Ecotoxicology, Eawag/EPFL, Überlandstrasse 133, 8600, Dübendorf, Switzerland",1,École Polytechnique Fédérale de Lausanne | Swiss Centre for Applied Ecotoxicology,I5124864 I4405281650,yes
"Swiss Centre for Applied Ecotoxicology, Eawag/EPFL, Überlandstrasse 133, Dübendorf, Switzerland",1,École Polytechnique Fédérale de Lausanne | Swiss Centre for Applied Ecotoxicology,I5124864 I4405281650,yes
"Swiss Centre for Applied Ecotoxicology, Ecotox Centre, EPFL-ENAC-IIE-GE, Station 2, 1015, Lausanne, Switzerland",1,École Polytechnique Fédérale de Lausanne | Swiss Centre for Applied Ecotoxicology,I5124864 I4405281650,yes
"Swiss Centre for Applied Ecotoxicology, Ueberlandstrasse 133, 8600 Duebendorf, Switzerland",1,Swiss Centre for Applied Ecotoxicology,I4405281650,yes
"Swiss Centre for Applied Ecotoxicology, Ueberlandstrasse 133, 8600 Dübendorf, Switzerland",1,Swiss Centre for Applied Ecotoxicology,I4405281650,yes
"Swiss Centre for Applied Ecotoxicology, Ueberlandstrasse 133, 8600 Dübendorf, Switzerland. Electronic address: alexandra.kroll@eawag.ch",1,Swiss Centre for Applied Ecotoxicology,I4405281650,yes
"Swiss Centre for Applied Ecotoxicology, Ueberlandstrasse 133, 8600, Dübendorf, Switzerland",1,Swiss Centre for Applied Ecotoxicology,I4405281650,yes
"Swiss Centre for Applied Ecotoxicology, Überlandstrasse 131, 8600 Dübendorf, Switzerland",1,Swiss Centre for Applied Ecotoxicology,I4405281650,yes
"Swiss Centre for Applied Ecotoxicology, Überlandstrasse 133, CH-8600 Dübendorf, Switzerland",1,Swiss Centre for Applied Ecotoxicology,I4405281650,yes
"Swiss Centre for Applied Ecotoxicology, Überlandstrasse 133, CH-8600, Dübendorf, Switzerland",1,Swiss Centre for Applied Ecotoxicology,I4405281650,yes
"Swiss Centre for Applied Ecotoxicology, Überlandstrasse 133, Dübendorf, 8600, Switzerland",1,Swiss Centre for Applied Ecotoxicology,I4405281650,yes
"Swiss Centre for Applied Ecotoxicology, Überlandstrasse, 133, 8600 Dübendorf, Switzerland",1,Swiss Centre for Applied Ecotoxicology,I4405281650,yes
"Swiss Centre for Applied Ecotoxicology, Überlandstrasse, 133, Dübendorf, Switzerland, 8600",1,Swiss Centre for Applied Ecotoxicology,I4405281650,yes
"Swiss Centre for Applied Ecotoxicology, Überlandstraße 133, Dübendorf, 8600, Switzerland",1,Swiss Centre for Applied Ecotoxicology,I4405281650,yes
"Swiss DNAlysis , Dübendorf , Switzerland",1,,,no
"Swiss DNAlysis, Dubendorf, Switzerland (A.M.-D.)",1,,,no
"Swiss DNAlysis, Genetics, Dübendorf, Switzerland",1,,,no
"Swiss Dnalysis Dübendorf, Zurich, Switzerland",1,,,no
"Swiss Fed. Inst. Environ. Sci. Technol., Duebendorf, Switz",1,,,no
Swiss Federal Institute for Environmental Science and Technology (EA WAG) CH-8600 DUbendorf,1,,,no
Swiss Federal Institute for Environmental Science and Technology (EA WAG) and,1,,,no
Swiss Federal Institute for Environmental Science and Technology (EA WAG) and Swiss Federal Institute of Technology (ETH) CH- 8600,1,,,no
"Swiss Federal Institute for Environmental Science and Technology (EA WAG), CH-8600 Dübendorf Switzerland",1,,,no
"Swiss Federal Institute for Environmental Science and Technology (EA WAG), CH-8600 Dühendorf, Switzerland",1,,,no
"Swiss Federal Institute for Environmental Science and Technology (EA WAG), CH-8600, Dübendorf, Switzerland",1,,,no
"Swiss Federal Institute for Environmental Science and Technology (EA WAG), Ueberlandstrasse 133, CH-8600 Duebendorf, Switzerland",1,,,no
"Swiss Federal Institute for Environmental Science and Technology (EA WAG), Ueberlandstrasse 133, CH-8600 Dübendorf, Switzerland",1,,,no
"Swiss Federal Institute for Environmental Science and Technology (EAWAG), CH-8600 Duebendorf, Switzerland, Swiss Federal Institute for Environmental Science and Technology (EAWAG), CH-6047 Kastanienbaum, Switzerland, and Insitut de Mécanique des Fluides et des Solides, UMR 7507, Université Louis Pasteur-CNRS, 2 Rue Boussingault, 67000 Strasbourg, France",1,Centre National de la Recherche Scientifique,I1294671590,no
"Swiss Federal Institute for Environmental Science and Technology (EWAG), Switzerland",1,,,no
Swiss Federal Institute for Environmental Science and Technology (Eawag),1,,,no
"Swiss Federal Institute for Environmental Science and Technology (Eawag), CH-8600 Duebendorf, Switzerland. wanner@eawag.ch",1,,,no
"Swiss Federal Institute for Environmental Science and Technology , Dubendorf , Switzerland",1,,,no
"Swiss Federal Institute for Environmental Science and Technology , Ueberlandstrasse 133 , 8600 Duebendorf , Switzerland",1,,,no
"Swiss Federal Institute for Environmental Science and Technology P.O. Box 611, CH-8600 Duebendorf, Switzerland (E-mail: strauss@eawag.ch)",1,,,no
Swiss Federal Institute for Environmental Science and Technology Ueberlandstrasse 133 CH‐8600 Dubendorf Switzerland,1,,,no
"Swiss Federal Institute for Environmental Science and Technology and Swiss Federal Institute of Technology , Diibendorf , Switzerland",1,,,no
"Swiss Federal Institute for Environmental Science and Technology and Swiss Federal Institute of Technology, CH-8600 Dübendorf, Switzerland",1,,,no
"Swiss Federal Institute for Environmental Science and Technology and Swiss Federal Institute of Technology, Diibendorf, Switzerland ",1,,,no
"Swiss Federal Institute for Environmental Science and Technology and Swiss Federal Institute of Technology, Ueberlandstrasse 133, CH-8600 Dübendorf, Switzerland",1,,,no
"Swiss Federal Institute for Environmental Science and Technology and Swiss Federal Institute of Technology, Ueberlandstrasse 133, CH-8600 Dübendorf, Switzerland",1,,,no
"Swiss Federal Institute for Environmental Science and Technology,  Ueberlandstrasse 133, 8600 Duebendorf, Switzerland",1,,,no
"Swiss Federal Institute for Environmental Science and Technology, 8600 Duebendorf, Switzerland",1,,,no
"Swiss Federal Institute for Environmental Science and Technology, CH-8600 Duebendorf, Switzerland,",1,,,no
"Swiss Federal Institute for Environmental Science and Technology, CH-8600 Duebendorf, Ueberlandstrasse 133, Switzerland",1,,,no
"Swiss Federal Institute for Environmental Science and Technology, CH-8600 Dübendorf, and Swiss Federal Institute of Technology, CH-8092 Zürich, Switzerland",1,ETH Zurich,I35440088,no
"Swiss Federal Institute for Environmental Science and Technology, CH-8600 Dübendorf, Switzerland, , , , , , CH",1,,,no
"Swiss Federal Institute for Environmental Science and Technology, CH-8600 Dübendorf, Switzerland, Materials Science and Technology, CH-8600 Dübendorf, Germany",1,,,no
"Swiss Federal Institute for Environmental Science and Technology, Department of Microbiology, Uberlandstrasse 133, CH-8600, Dübendorf, Switzerland",1,,,no
"Swiss Federal Institute for Environmental Science and Technology, Environmental Microbiology and Molecular Ecotoxicology, CH-8600 Dübendorf, Switzerland",1,,,no
"Swiss Federal Institute for Environmental Science and Technology, Environmental Microbiology, Uberlandstrasse 133, PO Box 611, CH-8600 Dübendorf, Switzerland",1,,,no
"Swiss Federal Institute for Environmental Science and Technology, Environmental Microbiology, Überlandstrasse 133, PO Box 611, CH-8600 Dübendorf, Switzerland",1,,,no
"Swiss Federal Institute for Environmental Science and Technology, Forschungszentrum für Limnologie, CH-6047 Kastanienbaum, Switzerland",1,,,no
"Swiss Federal Institute for Environmental Science and Technology, Forschungszentrum für Limnologie, CH‐6047 Kastanienbaum, Switzerland",1,,,no
"Swiss Federal Institute for Environmental Science and Technology, Kastanienbaum, Switzerland",1,,,no
"Swiss Federal Institute for Environmental Science and Technology, Microbiology and Molecular Ecotoxicology, P.O. Box 611, 133 Ueberlandstrasse, 8600 Duebendorf, Switzerland",1,,,no
"Swiss Federal Institute for Environmental Science and Technology, P.O. Box 611, CH-8600 Duebendorf, Switzerland (E-mail: strauss@eawag.ch)",1,,,no
"Swiss Federal Institute for Environmental Science and Technology, PF 611/CH-8600 Duebendorf, Switzerland",1,,,no
"Swiss Federal Institute for Environmental Science and Technology, PO Box 611, Überlandstrasse 133, CH-8600 Dübendorf, Switzerland1",1,,,no
"Swiss Federal Institute for Environmental Science and Technology, Uberlandstrasse 133, CH-8600 Dübendorf, Switzerland",1,,,no
"Swiss Federal Institute for Environmental Science and Technology, Ueberlandstrasse 133, 8600 Dübendorf, Switzerland",1,,,no
"Swiss Federal Institute for Environmental Science and Technology, Ueberlandstrasse 133, CH-8600 Dubendorf, Switzerland",1,,,no
"Swiss Federal Institute for Environmental Science and Technology, Ueberlandstrasse 133, CH‐8600 Duebendorf, Switzerland",1,,,no
"Swiss Federal Institute for Environmental Science and Technology, Ueberlandstrasse 133, POB 611, CH-8600 Duebendorf, Switzerland#TAB#",1,,,no
"Swiss Federal Institute for Environmental Science and Technology, Überlandstr. 133, 8600 Dübendorf, Switzerland",1,,,no
"Swiss Federal Institute for Environmental Science and Technology, Überlandstr. 133, P.O. Box 611, CH-8600, Dübendorf, Switzerland",1,,,no
"Swiss Federal Institute for Environmental Science and Technology, Überlandstrasse 133, 8600 Dübendorf, Switzerland",1,,,no
"Swiss Federal Institute for Environmental Science and Technology, Überlandstrasse 133, CH - 8600, Dübendorf, Switzerland",1,,,no
"Swiss Federal Institute for Environmental Science and Technology, Überlandstrasse 133, Postfach 611, CH‐8600 Dübendorf, Switzerland",1,,,no
"Swiss Federal Institute for Environmental Sciences and Technology, CH-8600 Dübendorf, Switzerland,1 and",1,,,no
"Swiss Federal Institute for Technology, CH-8600 Dubendorf, Switzerland ENVIRON. TECHNOL. LETT.; 6/8 )335–350)/1985/",1,,,no
"Swiss Federal Institute for Water Research and Water Pollution Control, Swiss Federal Institutes of Technology, CH-8600 Dübendorf, Switzerland",1,,,no
"Swiss Federal Institute for Water Resources and Water Pollution Contro, wiss Federal Institutes of Technology, CH-8600 Dübendorf, Switzerland",1,,,no
"Swiss Federal Institute for Water Resources and Water Pollution Control (EA WAG), and Federal Institute of Technology, CH-8600 Dubendorf, Switzerland",1,,,no
"Swiss Federal Institute for Water Resources and Water Pollution Control (EAWAG) at Swiss Federal Institute of Technology (ETH), Kastanienbaum",1,,,no
"Swiss Federal Institute for Water Resources and Water Pollution Control , Swiss Federal Institutes of Technology , CH-8600 Dubendorf , and",1,,,no
"Swiss Federal Institute for Water Resources and Water Pollution Control CH-6047 Kastanienbaum, Switzerland",1,,,no
"Swiss Federal Institute for Water Resources and Water Pollution Control, CH-8600 Dübendorf, Switzerland; and Geobotanical Institute, University of Bern, Switzerland",1,University of Bern,I118564535,no
"Swiss Federal Institute for Water Resources and Water Pollution Control, Kastanienbaum, Switzerland",1,,,no
"Swiss Federal Institute for Water Resources and Water Pollution Control, Swiss Federal Institutes of Technology, CH-8600 Dübendorf, Switzerland,  and Institute of Ecology and Genetics, University of Aarhus, DK-8000 Aarhus C, Denmark2",1,Aarhus University,I204337017,no
"Swiss Federal Institute for Water Resources and Water Pollution Control, Swiss Federal Institutes of Technology, CH-8600 Dübendorf, Switzerland, and Institute of Ecology and Genetics, University of Aarhus, DK-8000 Aarhus C, Denmark2",1,Aarhus University,I204337017,no
"Swiss Federal Institute for Water Resources and Water Pollution Control, Ueberlandstrasse 133, CH-8600, Dübendorf, Switzerland",1,,,no
"Swiss Federal Institute for Water Resources and Water Pollution ControlCH-6047 Kastanienbaum, Switzerland",1,,,no
"Swiss Federal Institute for Water Resources, Kastanienbaum",1,,,no
Swiss Federal Institute of Environmental Science & Technology (Switzerland),1,,,no
"Swiss Federal Institute of Environmental Science & Technology, Switzerland",1,,,no
Swiss Federal Institute of Environmental Science and Technology  Dübendorf and Kastaniebaum Switzerland,1,,,no
Swiss Federal Institute of Environmental Science and Technology  Kastanienbaum Switzerland,1,,,no
"Swiss Federal Institute of Environmental Science and Technology (EA WAG) and Swiss Federal Institute of Technology (ETH), Dübendorf. joerg.klausen@empa.ch",1,,,no
"Swiss Federal Institute of Environmental Science and Technology (EA WAG), Swiss Federal Institute of Technology (ETH), Limnological Research Center, CH-6047 Kastanienbaum, Switzerland. beat.mueller@eawag.ch",1,,,no
"Swiss Federal Institute of Environmental Science and Technology (EAWAG), Swiss Federal Institute of Technology (ETH), Limnological Research Center, Kastanienbaum, Switzerland",1,,,no
"Swiss Federal Institute of Environmental Science and Technology , Switzerland",1,,,no
"Swiss Federal Institute of Environmental Science and Technology and Swiss Federal Institute of Technology, CH-8600 Dübendorf, Switzerland",1,,,no
"Swiss Federal Institute of Environmental Science and Technology, Dubendorf, Switzerland",1,,,no
"Swiss Federal Institute of Environmental Science and Technology, Kastanienbaum, Switzerland",1,,,no
"Swiss Federal Institute of Environmental Science and Technology, Limnological Research Center, CH-6047, Kastanienbaum, Switzerland",1,,,no
"Swiss Federal Institute of Forest, Snow and Landscape Research WSL , Birmensdorf , Switzerland ; Institute of Environmental Engineering , ETH Zurich , Switzerland ; Swiss Federal Institute for Environmental Science and Technology - Eawag , Switzerland",1,"ETH Zurich | Swiss Federal Institute for Forest, Snow and Landscape Research | Institute of Environmental Engineering",I35440088 I2800262456 I4405253839,no
"Swiss Federal Institute of Materials Sciences and Technology, Überlandstrasse 129, CH, 8600 Dubendorf, Switzerland",1,Swiss Federal Laboratories for Materials Science and Technology,I71824836,no
"Swiss Federal Institute of Technology (ETH) Zürich, Institute of Integrative Biology, 8092, Zürich, Switzerland. francesco.pomati@eawag.ch",1,ETH Zurich | Institute of Integrative Biology,I35440088 I4405254264,no
"Swiss Federal Institute of Technology (ETH), CH-8600, Dübendorf, Switzerland",1,,,no
"Swiss Federal Institute of Technology (ETH), Institute of Biogeochemistry and Pollutant Dynamics, ETH Zurich, CH-8092 Zurich, Switzerland. bas.vriens@eawag.ch",1,ETH Zurich | Institute of Biogeochemistry and Pollutant Dynamics,I35440088 I4405257012,no
"Swiss Federal Institute of Technology (ETH), Ueberlandstrasse, 133, CH-8600 Duebendorf, Switzerland",1,,,no
"Swiss Federal Institute of Technology (ETH), Zürich, Switzerland. janet.hering@eawag.ch",1,ETH Zurich,I35440088,no
"Swiss Federal Institute of Technology (ETH), Überlandstrasse 133, CH-8600, Dübendorf, Switzerland",1,,,no
"Swiss Federal Institute of Technology Zurich (ETH), CH-8600, Dübendorf, Switzerland",1,ETH Zurich,I35440088,no
"Swiss Federal Institute of Technology Zurich (ETH), Department of Environmental Sciences, Inst. f. Aquatic Sciences and Water Pollution Control, Universitätsstrasse 16, CH-8092, Zürich, Switzerland",1,ETH Zurich,I35440088,no
"Swiss Federal Institute of Technology Zürich and Federal Institute for Water Resources and Water Pollution Control, CH-8600, Dübendorf, Switzerland",1,ETH Zurich,I35440088,no
"Swiss Federal Institute of Technology and Swiss Federal Institute for Environmental Science and Technology, Diibendorf",1,,,no
"Swiss Federal Institute of Technology and Swiss Federal Institute of Environmental Science and Technology, Diibendorf, Switzerland",1,,,no
"Swiss Federal Institute of Technology, 8600 Dübendorf, Switzerland",1,,,no
"Swiss Federal Institute of Technology, Dübendorf",1,,,no
"Swiss Federal Institute of Technology, Institute for Terrestrial Ecology, Grabenstrasse 3, 8952 Schlieren, Switzerland",1,,,no
"Swiss Federal Institute of Technology, Zürich, Environmental Physics, Institute for Aquatic Sciences, Dübendorf, Switzerland",1,ETH Zurich,I35440088,no
"Swiss Federal Institute of Technology, Zürich, and Federal Institute for Water Resources and Water Pollution Control, CH-8600 Dubendorf, Switzerland",1,ETH Zurich,I35440088,no
"Swiss Federal Institute of Water Resources and Water Pollution Control, Lake Research Laboratory, CH-6047 Kastanienbaum, Switzerland",1,,,no
"Swiss Federal Institute of Water Resources and Water Pollution Control, Lake Research Laboratory, CH‐6047 Kastanienbaum, Switzerland",1,,,no
"Swiss Federal Laboratories for Materials Science & Technology, Dübendorf, Switzerland; Swiss Federal Institute of Technology (ETH)Zürich, Switzerland",1,ETH Zurich | Swiss Federal Laboratories for Materials Science and Technology,I35440088 I71824836,no
"Swiss Federal Laboratories for Materials Science and Technology, ETH Domain, Überlandstrasse 129, CH-8600 Dübendorf, Switzerland",1,Swiss Federal Laboratories for Materials Science and Technology | Board of the Swiss Federal Institutes of Technology,I71824836 I2799323385,no
"Swiss Federal Laboratories for Materials Science and Technology, Experimental Continuum Mechanics, Dübendorf, Switzerland. mazza@imes.mavt.ethz.ch",1,Swiss Federal Laboratories for Materials Science and Technology,I71824836,no
"Swiss Wood Solutions AG Überlandstr. 129, CH‐8600 Dübendorf Switzerland",1,,,no
"SwissDNALysis, Dübendorf, Switzerland",1,,,no
"SwissDNAlysis, Dübendorf, Switzerland",1,,,no
"SwissDNAnalysis , Dübendorf ,",1,,,no
"SwissDNAnalysis, Dübendorf",1,,,no
"Systemanalyse, Integrated Assessment und Modellierung Prozess, Swiss Federal Institute of Environmental Science and Technology, Duebendorf CH8600, Switzerland",1,,,no
"Systemanalyse, Integrated Assessment und Modellierung Prozess, Swiss Federal Institute of Environmental Science and Technology, Duebendorf CH8600, Switzerland#TAB#",1,,,no
"The DECENT Lab, Dübendorf, Switzerland",1,,,no
"Ueberlandstrasse 133, CH-8600 Dübendorf, Zürich, Switzerland 3 , ,",1,,,no
"Ueberlandstrasse 138, CH-8600 Dübendorf-Zurich",1,,,no
"Umwe/tphysik, Eidgenössische Technische Hochschule Zürich, EA WAG, CH-8600 Dubendorf, Switzerland",1,ETH Zurich,I35440088,no
Unilabs Dübendorf  Dübendorf Switzerland,1,Unilabs (Switzerland),I4405259590,no
"University of Bern, Eawag, Switzerland",1,University of Bern,I118564535,no
"Überlandstrasse 138, CH-8600 Dübendorf, Switzerland",1,,,no
"WasserCluster Lunz -Biologische Station, Lunz am See, Austria | Eawag, Duebendorf, Switzerland",1,Wasser Cluster Lunz,I4210108751,no
"ZHAW School of Life Sciences and Facility Management, Department of Environmental Biotechnology, Einsiedlerstraße 29, 8820 Wädenswil, Switzerland",1,ZHAW Zurich University of Applied Sciences,I858936495,no
"]{Leibniz Institute für Troposphärenforschung, 04318 Leipzig, Germany} [6]{Eawag, 8600 Dübendorf, Switzerland} [",1,Leibniz Institute for Tropospheric Research,I4210117062,no
and Research Laboratory for Air Pollution / Environmental Te chnology Überlandstrasse 129 CH-8600 Dübendorf,1,,,no
ist ein deutscher Umweltchemiker und Geoökologe. Seit 2010 ist er Professor für Analytische Umweltchemie an der Martin-Luther-Universität Halle-Wittenberg. Zudem leitet er eine Forschungsgruppe an der Helmholtz-Zentrum für Umweltforschung. 1993 erlangte Goss an der Universität Bayreuth für seine Arbeit zur Adsorption gasförmiger organischer Verbindungen an polaren natürlichen Oberflächen den Doktortitel. Von 1996 bis 2006 war Goss Oberassistent bzw. Privatdozent an der ETH Zürich und an der Eawag,1,ETH Zurich | University of Bayreuth | Martin Luther University Halle-Wittenberg | Helmholtz Centre for Environmental Research,I35440088 I54009628 I68956291 I137479271,no
"served as a research associate at the Swiss Federal Institute for Water Resources and Water Pollution Control (EAWAG) from 1989 to 1991. He was co-organizer (with John Zogorski of the U.S. Geological Survey and Bruce Bauman of the American Petroleum Institute) of the ""Symposium on the Environmental Fate and Effects of Gasoline Oxygenates"" for the 213th National Meeting of the American Chemical Society, San Francisco, California, 13-17 April 1997",1,United States Geological Survey,I1286329397,no
"the Swiss Federal Institute for Environmental Science and Technology (M.E.P.), Duebendorf, Switzerland",1,,,no
"Überlandstrasse 129, 8600 Dübendorf, Switzerland 1",1,,,no
Überlandstrasse 133 8600 Dübendorf Switzerland,1,,,no
"Überlandstrasse 133, 8600 Dübendorf, Switzerland 2",1,,,no
"Überlandstrasse 133, Dübendorf CH-8600, Switzerland 2",1,,,no
